イベント名,開催日,会場,住所,都道府県,自治体,緯度,経度,参考URL,照合スコア,要確認理由
ワンタイムマルシェ with CAINZ @カインズ前橋吉岡店-ハロウィンパーティ-,,,,,,,,,0.0,検索タイムアウト/ネットワーク不調または該当ページ未特定
第12回ワンタイムマルシェ @加須はなさき公園,,,,,,,,,0.0,検索タイムアウト/ネットワーク不調または該当ページ未特定
いぬの夜まつり＠レイクタウン大芝生公園,,,,,,,,,0.0,検索タイムアウト/ネットワーク不調または該当ページ未特定
WonWonマルシェ in ひろさきまちなかピクニック,,,,,,,,,0.0,検索タイムアウト/ネットワーク不調または該当ページ未特定
わんワンダー夏祭り＠イオンモール土岐,,,,,,,,,0.0,検索タイムアウト/ネットワーク不調または該当ページ未特定
SKYわんにゃんマーケット〜年に一度のnightマーケット〜,,,,,,,,,0.0,検索タイムアウト/ネットワーク不調または該当ページ未特定
サロンマルシェ〜わんにゃふるver.〜,,,,,,,,,0.0,検索タイムアウト/ネットワーク不調または該当ページ未特定
わんにゃんマルシェvol.21,,,,,,,,,0.0,検索タイムアウト/ネットワーク不調または該当ページ未特定
フレスポ春日井 保護犬お見合い会 ＆チャリティーマルシェ,,,,,,,,,0.0,検索タイムアウト/ネットワーク不調または該当ページ未特定
あつまれ！わんダーランド,,,,,,,,,0.0,検索タイムアウト/ネットワーク不調または該当ページ未特定
Pet博2025横浜,,,,,,,,,0.0,検索タイムアウト/ネットワーク不調または該当ページ未特定
ジャパンキャンピングカーショー2025,,,,,,,,,0.0,検索タイムアウト/ネットワーク不調または該当ページ未特定
SÖPÖ SÖPÖ DOG TAIL FAIR（ソポソポドッグテイルフェア）,,,,,,,,,0.0,検索タイムアウト/ネットワーク不調または該当ページ未特定
キラナわんわんデー,,,,,,,,,0.0,検索タイムアウト/ネットワーク不調または該当ページ未特定
WAKUフェスニューイヤードッグ2025,,,,,,,,,0.0,検索タイムアウト/ネットワーク不調または該当ページ未特定
アウトドアドッグマルシェ in 海老名,,,,,,,,,0.0,検索タイムアウト/ネットワーク不調または該当ページ未特定
わんにゃんドーム 2025,,,,,,,,,0.0,検索タイムアウト/ネットワーク不調または該当ページ未特定
貴族の祭典《ワタワンジャック》World Pomeranian Festival 2025,,,,,,,,,0.0,検索タイムアウト/ネットワーク不調または該当ページ未特定
Pekingese MEET UP 2025,,,,,,,,,0.0,検索タイムアウト/ネットワーク不調または該当ページ未特定
Shiba Festival 2025,,,,,,,,,0.0,検索タイムアウト/ネットワーク不調または該当ページ未特定
ちよだ猫まつり,,,,,,,,,0.0,検索タイムアウト/ネットワーク不調または該当ページ未特定
成田ゆめのドッグフェスティバル,,,,,,,,,0.0,検索タイムアウト/ネットワーク不調または該当ページ未特定
ペット用品フェアin四国,,,,,,,,,0.0,検索タイムアウト/ネットワーク不調または該当ページ未特定
福岡百道浜ドッグフェスタ2025,,,,,,,,,0.0,検索タイムアウト/ネットワーク不調または該当ページ未特定
WAN’S Dog Expo 2025,,,,,,,,,0.0,検索タイムアウト/ネットワーク不調または該当ページ未特定
わんこのフェス,,,,,,,,,0.0,検索タイムアウト/ネットワーク不調または該当ページ未特定
Lovelyにゃんフェスタ,,,,,,,,,0.0,検索タイムアウト/ネットワーク不調または該当ページ未特定
第4回 伊豆高第わんわんマルシェ,,,,,,,,,0.0,検索タイムアウト/ネットワーク不調または該当ページ未特定
ハウスティアフェス2025 ～みんなでつくるペットシティ〜,,,,,,,,,0.0,検索タイムアウト/ネットワーク不調または該当ページ未特定
九十九里ビーチドッグフェスティバル,,,,,,,,,0.0,検索タイムアウト/ネットワーク不調または該当ページ未特定
ペットと一緒に防災体験inちがさき,,,,,,,,,0.0,検索タイムアウト/ネットワーク不調または該当ページ未特定
御殿場プレミアム・アウトレット ドッグマルシェ,,,,,,,,,0.0,検索タイムアウト/ネットワーク不調または該当ページ未特定
BOO!! BULL BOO!! FESTA 2025 AUTUMN in 八景島,,,,,,,,,0.0,検索タイムアウト/ネットワーク不調または該当ページ未特定
KIBAワンニャンHAPPYフェス2025,,,,,,,,,0.0,検索タイムアウト/ネットワーク不調または該当ページ未特定
いぬとぴあ鹿児島いずみ,,,,,,,,,0.0,検索タイムアウト/ネットワーク不調または該当ページ未特定
with WAN heroes festival,,,,,,,,,0.0,検索タイムアウト/ネットワーク不調または該当ページ未特定
Super wandarake! 41&42（名古屋）,,,,,,,,,0.0,検索タイムアウト/ネットワーク不調または該当ページ未特定
インターペット,,,,,,,,,0.0,検索タイムアウト/ネットワーク不調または該当ページ未特定
ARCHE! presents ペットフェス2025春,,,,,,,,,0.0,検索タイムアウト/ネットワーク不調または該当ページ未特定
EXPO 2025 大阪・関西万博,,,,,,,,,0.0,検索タイムアウト/ネットワーク不調または該当ページ未特定
BUHIマーケット,,,,,,,,,0.0,検索タイムアウト/ネットワーク不調または該当ページ未特定
ペットフェス2025春 in 宮城県松島離宮,,,,,,,,,0.0,検索タイムアウト/ネットワーク不調または該当ページ未特定
パートナードッグカーニバル in 鶴見緑地,,,,,,,,,0.0,検索タイムアウト/ネットワーク不調または該当ページ未特定
ZIPANG,,,,,,,,,0.0,検索タイムアウト/ネットワーク不調または該当ページ未特定
ALL DOGGIES FESTA,,,,,,,,,0.0,検索タイムアウト/ネットワーク不調または該当ページ未特定
​わんだふる山口2025,,,,,,,,,0.0,検索タイムアウト/ネットワーク不調または該当ページ未特定
猫フェス＠上越,,,,,,,,,0.0,検索タイムアウト/ネットワーク不調または該当ページ未特定
にゃんだらけ,,,,,,,,,0.0,検索タイムアウト/ネットワーク不調または該当ページ未特定
YOKOHAMA GOGO DOG FES 2025 Spring,,,,,,,,,0.0,検索タイムアウト/ネットワーク不調または該当ページ未特定
代々木わんわんカーニバル,,,,,,,,,0.0,検索タイムアウト/ネットワーク不調または該当ページ未特定
第2回晴海ふ頭　春のわんわんピクニック produced by わんこのフェス,,,,,,,,,0.0,検索タイムアウト/ネットワーク不調または該当ページ未特定
パナソニック保護犬猫譲渡会,,,,,,,,,0.0,検索タイムアウト/ネットワーク不調または該当ページ未特定
富士山わんわんマルシェ,,,,,,,,,0.0,検索タイムアウト/ネットワーク不調または該当ページ未特定
ぺット王国,,,,,,,,,0.0,検索タイムアウト/ネットワーク不調または該当ページ未特定
GOGO DOG FES in 三井アウトレットパーク　木更津,,,,,,,,,0.0,検索タイムアウト/ネットワーク不調または該当ページ未特定
新宿わん博,,,,,,,,,0.0,検索タイムアウト/ネットワーク不調または該当ページ未特定
DOG FESTIVAL,,,,,,,,,0.0,検索タイムアウト/ネットワーク不調または該当ページ未特定
SippoFesta しっぽフェスタ,,,,,,,,,0.0,検索タイムアウト/ネットワーク不調または該当ページ未特定
戌猫縁日,,,,,,,,,0.0,検索タイムアウト/ネットワーク不調または該当ページ未特定
いぬのきもちフェスタ,,,,,,,,,0.0,検索タイムアウト/ネットワーク不調または該当ページ未特定
舘山寺ドッグカー EXPO,,,,,,,,,0.0,検索タイムアウト/ネットワーク不調または該当ページ未特定
等々力ドッグフェスティバル,,,,,,,,,0.0,検索タイムアウト/ネットワーク不調または該当ページ未特定
にゃんこ博覧会2025,,,,,,,,,0.0,検索タイムアウト/ネットワーク不調または該当ページ未特定
世界えがお博覧会,,,,,,,,,0.0,検索タイムアウト/ネットワーク不調または該当ページ未特定
SHINAGAWA URBAN PET LIFE（品川アーバンペットライフ）,,,,,,,,,0.0,検索タイムアウト/ネットワーク不調または該当ページ未特定
にいがた犬の陣,,,,,,,,,0.0,検索タイムアウト/ネットワーク不調または該当ページ未特定
London Dog Festival　in　まつぶし緑の丘公園,,,,,,,,,0.0,検索タイムアウト/ネットワーク不調または該当ページ未特定
ぺット博in幕張,,,,,,,,,0.0,検索タイムアウト/ネットワーク不調または該当ページ未特定
インターペット大阪,,,,,,,,,0.0,検索タイムアウト/ネットワーク不調または該当ページ未特定
LOHAS Festa EXPO 2025,,,,,,,,,0.0,検索タイムアウト/ネットワーク不調または該当ページ未特定
ワン One day,,,,,,,,,0.0,検索タイムアウト/ネットワーク不調または該当ページ未特定
にゃんだらけin 大阪,,,,,,,,,0.0,検索タイムアウト/ネットワーク不調または該当ページ未特定
第1回NAKANO REAL HEALTH with Dog Sumit ～愛犬の健康をテーマにしたイベント～,,,,,,,,,0.0,検索タイムアウト/ネットワーク不調または該当ページ未特定
東京ドッグショー2025,,,,,,,,,0.0,検索タイムアウト/ネットワーク不調または該当ページ未特定
にゃんだらけin 名古屋,,,,,,,,,0.0,検索タイムアウト/ネットワーク不調または該当ページ未特定
DOG EXPO FUKUOKA 2025,,,,,,,,,0.0,検索タイムアウト/ネットワーク不調または該当ページ未特定
ペット博なごや,,,,,,,,,0.0,検索タイムアウト/ネットワーク不調または該当ページ未特定
BAY WALK MARKET（横浜ベイフロント）,,,,,,,,,0.0,検索タイムアウト/ネットワーク不調または該当ページ未特定
広島わんわん夏まつり 2025,,,,,,,,,0.0,検索タイムアウト/ネットワーク不調または該当ページ未特定
さっぽろドッグフェスティバル,,,,,,,,,0.0,検索タイムアウト/ネットワーク不調または該当ページ未特定
東京わんわん夏まつり 2025,,,,,,,,,0.0,検索タイムアウト/ネットワーク不調または該当ページ未特定
Pet博2025 福岡,,,,,,,,,0.0,検索タイムアウト/ネットワーク不調または該当ページ未特定
ペテモフェス,,,,,,,,,0.0,検索タイムアウト/ネットワーク不調または該当ページ未特定
MARINE & WALK YOKOHAMA ドッグマルシェ,,,,,,,,,0.0,検索タイムアウト/ネットワーク不調または該当ページ未特定
ドッグフレンドリーフェスタ in 帯広 2025,,,,,,,,,0.0,検索タイムアウト/ネットワーク不調または該当ページ未特定
エビナ犬博(わんぱく),,,,,,,,,0.0,検索タイムアウト/ネットワーク不調または該当ページ未特定
アウトドアドッグフェスタ in八ヶ岳,,,,,,,,,0.0,検索タイムアウト/ネットワーク不調または該当ページ未特定
北海道ペットフェスティバル,,,,,,,,,0.0,検索タイムアウト/ネットワーク不調または該当ページ未特定
ひたちなかドッグフェスティバル,,,,,,,,,0.0,検索タイムアウト/ネットワーク不調または該当ページ未特定
わんにゃんスマイルFES 2025・秋,,,,,,,,,0.0,検索タイムアウト/ネットワーク不調または該当ページ未特定
駒沢わんこ祭り,,,,,,,,,0.0,検索タイムアウト/ネットワーク不調または該当ページ未特定
犬市場 in OKAZAKI 2025 Autumn,,,,,,,,,0.0,検索タイムアウト/ネットワーク不調または該当ページ未特定
London Dog Festival 2025 in まつぶし緑の丘公園,,,,,,,,,0.0,検索タイムアウト/ネットワーク不調または該当ページ未特定
ワンダフルフェス（金沢）,,,,,,,,,0.0,検索タイムアウト/ネットワーク不調または該当ページ未特定
1＋わんわんフェスタ（広島・福山）,,,,,,,,,0.0,検索タイムアウト/ネットワーク不調または該当ページ未特定
わんワンダーフェス（岐阜）,,,,,,,,,0.0,検索タイムアウト/ネットワーク不調または該当ページ未特定
YOKOHAMA GOGO DOG FES 秋,,,,,,,,,0.0,検索タイムアウト/ネットワーク不調または該当ページ未特定
ラブリーにゃんフェスタ 大阪,,,,,,,,,0.0,検索タイムアウト/ネットワーク不調または該当ページ未特定
FUJI DOG 2025,,,,,,,,,0.0,検索タイムアウト/ネットワーク不調または該当ページ未特定
アニマルピックフェスタ in 浜名湖 2025,,,,,,,,,0.0,検索タイムアウト/ネットワーク不調または該当ページ未特定
光が丘公園フェスタ,,,,,,,,,0.0,検索タイムアウト/ネットワーク不調または該当ページ未特定
ねこばっか＋ワン vol.10,,,,,,,,,0.0,検索タイムアウト/ネットワーク不調または該当ページ未特定
ペット博大阪,,,,,,,,,0.0,検索タイムアウト/ネットワーク不調または該当ページ未特定
しっぽフェスタ（Sippo Festa）2025 春,,,,,,,,,0.0,検索タイムアウト/ネットワーク不調または該当ページ未特定
ドギーズクリスマスマーケット,,,,,,,,,0.0,検索タイムアウト/ネットワーク不調または該当ページ未特定
犬祭里山テラス（犬祭りテラス）,,,,,,,,,0.0,検索タイムアウト/ネットワーク不調または該当ページ未特定
第2回 わんてらす dog & マルシェ in昭島 【イベント情報】 2023年12月24日(日)開催,,,,,,,,,0.0,検索タイムアウト/ネットワーク不調または該当ページ未特定
＜開催中止＞ あつまれ！わんダーランド in KOBE MOSAIC前 【兵庫県神戸市】 2025年5月24日(土)開催,,,,,,,,,0.0,検索タイムアウト/ネットワーク不調または該当ページ未特定
‘Amo わん FESTA 【イベント情報】 2023年5月27日(土)・28日(日)開催,,,,,,,,,0.0,検索タイムアウト/ネットワーク不調または該当ページ未特定
人も、犬も、猫ちゃんもみんな笑顔のマルシェ,,,,,,,,,0.0,検索タイムアウト/ネットワーク不調または該当ページ未特定
【栃木県那須郡】ワンダフルフェスマルシェ,,,,,,,,,0.0,検索タイムアウト/ネットワーク不調または該当ページ未特定
【東京都江東区のドッグイベント】東京キャンピングカーショー2025,,,,,,,,,0.0,検索タイムアウト/ネットワーク不調または該当ページ未特定
【東京都渋谷区のドッグイベント】もんもん祭り,,,,,,,,,0.0,検索タイムアウト/ネットワーク不調または該当ページ未特定
【東京都渋谷区のドッグイベント】うちの子撮影＆受注会,,,,,,,,,0.0,検索タイムアウト/ネットワーク不調または該当ページ未特定
【東京都渋谷区のドッグイベント】ワンコnowa THE STORE POPUP,,,,,,,,,0.0,検索タイムアウト/ネットワーク不調または該当ページ未特定
【埼玉県上尾市のドッグイベント】PINPIN Marche,,,,,,,,,0.0,検索タイムアウト/ネットワーク不調または該当ページ未特定
【埼玉県入間市のドッグイベント】わんちゃん夜祭り supported by わんてらす in三井アウトレットパーク 入間,,,,,,,,,0.0,検索タイムアウト/ネットワーク不調または該当ページ未特定
【千葉県柏市のドッグイベント】ワンOneday at 柏の葉 かけだし横丁,,,,,,,,,0.0,検索タイムアウト/ネットワーク不調または該当ページ未特定
【茨城県守谷市のドッグイベント】わんてらす night in DOG PARK RUN and POOL,,,,,,,,,0.0,検索タイムアウト/ネットワーク不調または該当ページ未特定
【東京都渋谷区のドッグイベント】Do One Good,,,,,,,,,0.0,検索タイムアウト/ネットワーク不調または該当ページ未特定
【神奈川県横浜市のドッグイベント】ドッグランキャラバン,,,,,,,,,0.0,検索タイムアウト/ネットワーク不調または該当ページ未特定
【千葉県白井市のドッグイベント】犬と夏祭りin白井総合公園,,,,,,,,,0.0,検索タイムアウト/ネットワーク不調または該当ページ未特定
【千葉県千葉市のドッグイベント】WAN LOVE MARKET,,,,,,,,,0.0,検索タイムアウト/ネットワーク不調または該当ページ未特定
London Dog Festival 2025 in まつぶし緑の丘公園,,,,,,,,,0.0,検索タイムアウト/ネットワーク不調または該当ページ未特定
【東京都江東区のドッグイベント】東京わんわん夏まつり2025,,,,,,,,,0.0,検索タイムアウト/ネットワーク不調または該当ページ未特定
【東京都八王子市】わんわんプール,,,,,,,,,0.0,検索タイムアウト/ネットワーク不調または該当ページ未特定
【神奈川県足柄上郡のドッグイベント】BBQ ＆ スイカ割体験付き川遊び,,,,,,,,,0.0,検索タイムアウト/ネットワーク不調または該当ページ未特定
【東京都町田市のドッグイベント】Chiro＆Pero 夏祭り,,,,,,,,,0.0,検索タイムアウト/ネットワーク不調または該当ページ未特定
【神奈川県横浜市のドッグイベント】犬だらけの水泳大会2025,,,,,,,,,0.0,検索タイムアウト/ネットワーク不調または該当ページ未特定
第8回 wankoPARTY わんこパーティー（兵庫）,,,,,,,,,0.0,検索タイムアウト/ネットワーク不調または該当ページ未特定
犬楽園フェスタ 2025（宮城）,,,,,,,,,0.0,検索タイムアウト/ネットワーク不調または該当ページ未特定
駒沢わんこ祭り 2025,,,,,,,,,0.0,検索タイムアウト/ネットワーク不調または該当ページ未特定
第2回 広島いぬざんまい,,,,,,,,,0.0,検索タイムアウト/ネットワーク不調または該当ページ未特定
犬市場 in OKAZAKI 2025 Autumn,,,,,,,,,0.0,検索タイムアウト/ネットワーク不調または該当ページ未特定
BOO!! BULL BOO!! FESTA 2025 AUTUMN in 八景島,,,,,,,,,0.0,検索タイムアウト/ネットワーク不調または該当ページ未特定
THE DOG FES -犬のハロウィンマーケット-,,,,,,,,,0.0,検索タイムアウト/ネットワーク不調または該当ページ未特定
第4回 ラブドッグ＆マルシェ love&dog marche,,,,,,,,,0.0,検索タイムアウト/ネットワーク不調または該当ページ未特定
ワン友マルシェ vol.10,,,,,,,,,0.0,検索タイムアウト/ネットワーク不調または該当ページ未特定
いぬの夜まつり@レイクタウン大芝生広場,,,,,,,,,0.0,検索タイムアウト/ネットワーク不調または該当ページ未特定
広島わんわん夏まつり 2025,,,,,,,,,0.0,検索タイムアウト/ネットワーク不調または該当ページ未特定
AMILIE（アミリエ）「犬とのくらし部」「猫とのくらし部」第1期の部員さんをご紹介！,,,,,,,,,0.0,検索タイムアウト/ネットワーク不調または該当ページ未特定
2025年8月ペットイベント情報【東海版】,,,,,,,,,0.0,検索タイムアウト/ネットワーク不調または該当ページ未特定
2025年8月ペットイベント情報【九州版】,,,,,,,,,0.0,検索タイムアウト/ネットワーク不調または該当ページ未特定
2025年8月ペットイベント情報【関東版】,,,,,,,,,0.0,検索タイムアウト/ネットワーク不調または該当ページ未特定
【群馬県太田市】2025年6月28日（土）「お客さま感謝祭♪」（有限会社齋藤住建）,,,,,,,,,0.0,検索タイムアウト/ネットワーク不調または該当ページ未特定
2025年７月ペットイベント情報【関東版】,,,,,,,,,0.0,検索タイムアウト/ネットワーク不調または該当ページ未特定
【zoomオンライン相談会】6/28（土）愛犬との暮らし オンライン相談会 to JOIN（株式会社市川工務店）,,,,,,,,,0.0,検索タイムアウト/ネットワーク不調または該当ページ未特定
2025年6月ペットイベント情報【九州版】,,,,,,,,,0.0,検索タイムアウト/ネットワーク不調または該当ページ未特定
【広島県三原市】2025年6月8日(日) 広島犬イベント vol.4  in八天堂village（三島建材株式会社）,,,,,,,,,0.0,検索タイムアウト/ネットワーク不調または該当ページ未特定
【福岡県北九州市】2025年6月1日（日）🐶ひびきDOGフェス2025🐶（CORE-style）,,,,,,,,,0.0,検索タイムアウト/ネットワーク不調または該当ページ未特定
【北海道札幌市南区】2025年5月24日(土)～25日(日) Hokkaido Dog Festa 2025春（ケイアイコーポレーション株式会社）,,,,,,,,,0.0,検索タイムアウト/ネットワーク不調または該当ページ未特定
【東京都立川市緑町】5/24（土）～5/25日　Sippo Festa 2025春（株式会社ブルケン・マルタマ）,,,,,,,,,0.0,検索タイムアウト/ネットワーク不調または該当ページ未特定
【東京都立川市緑町】5/24（土）~5/25日（日)　Sippo Festa 2025春（わんラバ：アーバンシステム株式会社）,,,,,,,,,0.0,検索タイムアウト/ネットワーク不調または該当ページ未特定
【山梨県笛吹市】5/18(日) わんわんマルシェ（株式会社市川工務店）,,,,,,,,,0.0,検索タイムアウト/ネットワーク不調または該当ページ未特定
【埼玉県深谷市】5/17(土)～5/18(日) 第6回TERRACEPARK DOG FES（株式会社渋沢 住宅事業部）,,,,,,,,,0.0,検索タイムアウト/ネットワーク不調または該当ページ未特定
【東京都昭島市】5/11（日）わんてらすdog＆outdoorマルシェin昭島 2025春（株式会社ブルケン・マルタマ）,,,,,,,,,0.0,検索タイムアウト/ネットワーク不調または該当ページ未特定
【香川県丸亀市】5/11（日）Pets Palette Market vol.4（株式会社ハウジング大空）,,,,,,,,,0.0,検索タイムアウト/ネットワーク不調または該当ページ未特定
【大阪府箕面市】5/5（月・祝）わんにゃん住まいる譲渡会（住まいるワンッ！株式会社こまつばら建築工房）,,,,,,,,,0.0,検索タイムアウト/ネットワーク不調または該当ページ未特定
【愛知県岡崎市】5/9(金)-5/11(日) 第10回愛犬との住まいを学ぶ勉強会。（有限会社浅井住宅）,,,,,,,,,0.0,検索タイムアウト/ネットワーク不調または該当ページ未特定
OJI Creative Challenge～王子駅周辺 みんなで試す パブリックスペース活用プロジェクト～,,,,,,,,,0.0,検索タイムアウト/ネットワーク不調または該当ページ未特定
にいがたリノベーションまちづくりシンポジウム,,,,,,,,,0.0,検索タイムアウト/ネットワーク不調または該当ページ未特定
都市戦略の視点から考えるマーケットとエリアマネジメントの可能性｜ソトノバTABLE#56,,,,,,,,,0.0,検索タイムアウト/ネットワーク不調または該当ページ未特定
視察報告！シンガポールの都市再生とパブリックスペース活用,,,,,,,,,0.0,検索タイムアウト/ネットワーク不調または該当ページ未特定
買物公園まちにちSCHOOL,,,,,,,,,0.0,検索タイムアウト/ネットワーク不調または該当ページ未特定
＃こいわの日2025,,,,,,,,,0.0,検索タイムアウト/ネットワーク不調または該当ページ未特定
二子玉川エリアマネジメントシンポジウム VOL.10,,,,,,,,,0.0,検索タイムアウト/ネットワーク不調または該当ページ未特定
第16回日本都市計画家協会賞,,,,,,,,,0.0,検索タイムアウト/ネットワーク不調または該当ページ未特定
ストリートデザインスクール＠札幌2025,,,,,,,,,0.0,検索タイムアウト/ネットワーク不調または該当ページ未特定
いいねキタヒロ！まちびらきフェスタ,,,,,,,,,0.0,検索タイムアウト/ネットワーク不調または該当ページ未特定
SHIFT05 パークPFIってなんだ？～公園を活用する全国の取り組み事例と解説～,,,,,,,,,0.0,検索タイムアウト/ネットワーク不調または該当ページ未特定
大阪版シェアドストリートモデルを考えるシンポジウム～ウォーカビリティの面的広がり～,,,,,,,,,0.0,検索タイムアウト/ネットワーク不調または該当ページ未特定
花巻中央エリアのこれからを描く未来デザイン会議,,,,,,,,,0.0,検索タイムアウト/ネットワーク不調または該当ページ未特定
第6回前橋市アーバンデザインシンポジウム,,,,,,,,,0.0,検索タイムアウト/ネットワーク不調または該当ページ未特定
都市づくりについての技術研究発表と講演会（大阪会場）,,,,,,,,,0.0,検索タイムアウト/ネットワーク不調または該当ページ未特定
新・公民連携最前線　創刊10周年記念シンポジウム『The Possibility of PPP　これまでの10年、これからの10年』,,,,,,,,,0.0,検索タイムアウト/ネットワーク不調または該当ページ未特定
ふらっと大門・丸之内,,,,,,,,,0.0,検索タイムアウト/ネットワーク不調または該当ページ未特定
鉄道模型ファン必見！浪速区民センターで「夏の鉄道模型運転会」開催,,,,,,,,,0.0,検索タイムアウト/ネットワーク不調または該当ページ未特定
こども向けの参加型イベント「こどもアートアドベンチャー」が開催されます！,,,,,,,,,0.0,検索タイムアウト/ネットワーク不調または該当ページ未特定
例年「小松サマーカーナバル」が開催されるグラウンドで、お祭りの準備が進められていました。,,,,,,,,,0.0,検索タイムアウト/ネットワーク不調または該当ページ未特定
自分の感情を言葉であらわそう！2025年8月9日（土）に福井県生活学習館にてワタシを知る・癒す②「『ヤバい』『エグい』だけでいいの？ 感情リテラシー」講座が開催されます！,,,,,,,,,0.0,検索タイムアウト/ネットワーク不調または該当ページ未特定
8月1日・2日にアトレ浦和でおトクな詰め放題イベントが開催されるみたい,,,,,,,,,0.0,検索タイムアウト/ネットワーク不調または該当ページ未特定
8月8日（金）「誰でも取り組める！ 売れるネットショップ ＋ 商品の作り方」セミナーが開催されます！,,,,,,,,,0.0,検索タイムアウト/ネットワーク不調または該当ページ未特定
8月2日は「第20回厚狭ふるさと納・涼・祭」が開催されます！,,,,,,,,,0.0,検索タイムアウト/ネットワーク不調または該当ページ未特定
【イベントレポート】木場公園で開催！第2回KIBAワンニャンHAPPYフェス,,,,,,,,,0.0,検索タイムアウト/ネットワーク不調または該当ページ未特定
【イベントレポート】木場公園で開催！第1回KIBAワンニャンHAPPYフェス,,,,,,,,,0.0,検索タイムアウト/ネットワーク不調または該当ページ未特定
ペット博 横浜 2025,,,,,,,,,0.0,検索タイムアウト/ネットワーク不調または該当ページ未特定
【参加してくれてありがとう🎃】体を動かしながら楽しくしつけを学ぶ「ハロウィン運動会」,,,,,,,,,0.0,検索タイムアウト/ネットワーク不調または該当ページ未特定
【予約制】ハピプレ専属カメラマンによるハロウィーン撮影会！,,,,,,,,,0.0,検索タイムアウト/ネットワーク不調または該当ページ未特定
募集終了【出店者募集】10/26(土)ワンぱくHallowe’en🎃,,,,,,,,,0.0,検索タイムアウト/ネットワーク不調または該当ページ未特定
【-WAN NIGHT FESTIVAL-】出展&協賛企業 公開！,,,,,,,,,0.0,検索タイムアウト/ネットワーク不調または該当ページ未特定
【滋賀県】ワンちゃんサイクリング in びわ湖長浜,,,,,,,,,0.0,検索タイムアウト/ネットワーク不調または該当ページ未特定
【福岡県】CHIHUAHUA JAM （チワワジャム）,,,,,,,,,0.0,検索タイムアウト/ネットワーク不調または該当ページ未特定
【福岡県】さくらマルシェ for dogs,,,,,,,,,0.0,検索タイムアウト/ネットワーク不調または該当ページ未特定
【岡山県】SPARK JOY FESTA in 北長瀬未来ふれあい公園 芝生広場,,,,,,,,,0.0,検索タイムアウト/ネットワーク不調または該当ページ未特定
【兵庫県】ワンダフルフェスタ,,,,,,,,,0.0,検索タイムアウト/ネットワーク不調または該当ページ未特定
【大阪府】プレミアムわんだふるday,,,,,,,,,0.0,検索タイムアウト/ネットワーク不調または該当ページ未特定
【兵庫県】Happy Dogフェス,,,,,,,,,0.0,検索タイムアウト/ネットワーク不調または該当ページ未特定
【兵庫県】第13回 愛犬マルシェ in 明石グラバ,,,,,,,,,0.0,検索タイムアウト/ネットワーク不調または該当ページ未特定
【滋賀県】第7回 犬のおさんぽマルシェ,,,,,,,,,0.0,検索タイムアウト/ネットワーク不調または該当ページ未特定
【兵庫県】ピースワンドッグフェスタ,,,,,,,,,0.0,検索タイムアウト/ネットワーク不調または該当ページ未特定
【岐阜県】わんわんフェスタ Vol.5,,,,,,,,,0.0,検索タイムアウト/ネットワーク不調または該当ページ未特定
【岐阜県】わんワンダーフェス イオンモール土岐,,,,,,,,,0.0,検索タイムアウト/ネットワーク不調または該当ページ未特定
【埼玉県】さん歩マルシェ,,,,,,,,,0.0,検索タイムアウト/ネットワーク不調または該当ページ未特定
【東京都】東京夢の島マリーナ 桜まつり,,,,,,,,,0.0,検索タイムアウト/ネットワーク不調または該当ページ未特定
【栃木県】SOS!わんこ救出大作戦！in 那須ハイランドパーク,,,,,,,,,0.0,検索タイムアウト/ネットワーク不調または該当ページ未特定
【千葉県】DoggieなHarbor vol.8,,,,,,,,,0.0,検索タイムアウト/ネットワーク不調または該当ページ未特定
【千葉県】みつばちの森マルシェ with DOG,,,,,,,,,0.0,検索タイムアウト/ネットワーク不調または該当ページ未特定
【群馬県】DOG PARTY collection,,,,,,,,,0.0,検索タイムアウト/ネットワーク不調または該当ページ未特定
【北海道】わんふぁみ旭川 vol.4,,,,,,,,,0.0,検索タイムアウト/ネットワーク不調または該当ページ未特定
【北海道】48 柴の日,,,,,,,,,0.0,検索タイムアウト/ネットワーク不調または該当ページ未特定
【福島県】第7弾 うちの仔市場 in 四季の里,,,,,,,,,0.0,検索タイムアウト/ネットワーク不調または該当ページ未特定
【福島県】第16回ペットカーニバル,,,,,,,,,0.0,検索タイムアウト/ネットワーク不調または該当ページ未特定
【山口県】ワン★パチ,,,,,,,,,0.0,検索タイムアウト/ネットワーク不調または該当ページ未特定
【滋賀県】わんわんマルシェin三井アウトレットパーク滋賀竜王Vol.9,,,,,,,,,0.0,検索タイムアウト/ネットワーク不調または該当ページ未特定
【和歌山県】BIGわんday3,,,,,,,,,0.0,検索タイムアウト/ネットワーク不調または該当ページ未特定
【兵庫県】第5回 wankoPARTY わんこパーティー,,,,,,,,,0.0,検索タイムアウト/ネットワーク不調または該当ページ未特定
【山梨県】第3回 わんわん大感謝祭,,,,,,,,,0.0,検索タイムアウト/ネットワーク不調または該当ページ未特定
【岐阜県】犬祭りテラス,,,,,,,,,0.0,検索タイムアウト/ネットワーク不調または該当ページ未特定
【岐阜県】第39回 わんマル各務原 in OASIS PARK,,,,,,,,,0.0,検索タイムアウト/ネットワーク不調または該当ページ未特定
【宮城県】わたり犬のワン祭り,,,,,,,,,0.0,検索タイムアウト/ネットワーク不調または該当ページ未特定
【福岡】ドッグらんらんフェスタ2,,,,,,,,,0.0,検索タイムアウト/ネットワーク不調または該当ページ未特定
【岡山】となりのマルシェ その6,,,,,,,,,0.0,検索タイムアウト/ネットワーク不調または該当ページ未特定
【大阪】わんニャスフィスティバル in 豊中,,,,,,,,,0.0,検索タイムアウト/ネットワーク不調または該当ページ未特定
【岐阜】いぬの駅マルシェ,,,,,,,,,0.0,検索タイムアウト/ネットワーク不調または該当ページ未特定
【愛知】わんワンファミリーマルシェ vol.4,,,,,,,,,0.0,検索タイムアウト/ネットワーク不調または該当ページ未特定
【岐阜】木曽三川わんこマルシェ,,,,,,,,,0.0,検索タイムアウト/ネットワーク不調または該当ページ未特定
【静岡】第5回 いぬのピクニックマルシェ,,,,,,,,,0.0,検索タイムアウト/ネットワーク不調または該当ページ未特定
【愛知】あかつかわんこvol.1,,,,,,,,,0.0,検索タイムアウト/ネットワーク不調または該当ページ未特定
【神奈川】みんなのマルシェ21×ドッグフェス,,,,,,,,,0.0,検索タイムアウト/ネットワーク不調または該当ページ未特定
【埼玉】第1回love&dog marche,,,,,,,,,0.0,検索タイムアウト/ネットワーク不調または該当ページ未特定
【東京】ワンダフル市場,,,,,,,,,0.0,検索タイムアウト/ネットワーク不調または該当ページ未特定
【千葉】THE DOG FES -犬とホワイトデイ-,,,,,,,,,0.0,検索タイムアウト/ネットワーク不調または該当ページ未特定
【茨城】第5回 SMILEマルシェ,,,,,,,,,0.0,検索タイムアウト/ネットワーク不調または該当ページ未特定
【神奈川】pop-up marché いぬマル,,,,,,,,,0.0,検索タイムアウト/ネットワーク不調または該当ページ未特定
【神奈川】赤レンガでわんさんぽ,,,,,,,,,0.0,検索タイムアウト/ネットワーク不調または該当ページ未特定
【熊本県】第3回 わんにゃんマルシェ,,,,,,,,,0.0,検索タイムアウト/ネットワーク不調または該当ページ未特定
【大阪府】れじおんマーケット WAN FESTA WAN,,,,,,,,,0.0,検索タイムアウト/ネットワーク不調または該当ページ未特定
【大阪府】わんことマルシェ vol.12,,,,,,,,,0.0,検索タイムアウト/ネットワーク不調または該当ページ未特定
【兵庫県】Log-in LOVE PET FESTA vol.8（Spark joy festa）,,,,,,,,,0.0,検索タイムアウト/ネットワーク不調または該当ページ未特定
【兵庫県】SPARK JOY FESTA in 姫路 大手前公園,,,,,,,,,0.0,検索タイムアウト/ネットワーク不調または該当ページ未特定
【静岡県】第2回 伊豆高原わんわんマルシェ,,,,,,,,,0.0,検索タイムアウト/ネットワーク不調または該当ページ未特定
【愛知県】wandarake fest ! 31 & 32（わんだらけフェス）,,,,,,,,,0.0,検索タイムアウト/ネットワーク不調または該当ページ未特定
【愛知県】第3回 春日井わんわんマルシェ with DOG,,,,,,,,,0.0,検索タイムアウト/ネットワーク不調または該当ページ未特定
【岐阜県】いぬの駅マルシェ,,,,,,,,,0.0,検索タイムアウト/ネットワーク不調または該当ページ未特定
【愛知県】わんこでGO！inイッセイドウ,,,,,,,,,0.0,検索タイムアウト/ネットワーク不調または該当ページ未特定
【埼玉県】BOO!! BULL BOO!! FESTA,,,,,,,,,0.0,検索タイムアウト/ネットワーク不調または該当ページ未特定
【神奈川県】キャバ主総会,,,,,,,,,0.0,検索タイムアウト/ネットワーク不調または該当ページ未特定
【神奈川県】和市ーなごみいちー,,,,,,,,,0.0,検索タイムアウト/ネットワーク不調または該当ページ未特定
【千葉県】第18回ワンOneday at 柏の葉T-SITE,,,,,,,,,0.0,検索タイムアウト/ネットワーク不調または該当ページ未特定
【福岡県】DACHSHUND JAM,,,,,,,,,0.0,検索タイムアウト/ネットワーク不調または該当ページ未特定
【福岡県】春のわん運動会&マルシェ,,,,,,,,,0.0,検索タイムアウト/ネットワーク不調または該当ページ未特定
【広島県】第6回 中小企業会館フェスタ,,,,,,,,,0.0,検索タイムアウト/ネットワーク不調または該当ページ未特定
【岡山県】WAN・NYAN・PARTY,,,,,,,,,0.0,検索タイムアウト/ネットワーク不調または該当ページ未特定
【兵庫県】第４回ハーバーワンダーランド,,,,,,,,,0.0,検索タイムアウト/ネットワーク不調または該当ページ未特定
【滋賀県】わんちゃんと楽しめるマルシェ,,,,,,,,,0.0,検索タイムアウト/ネットワーク不調または該当ページ未特定
【静岡県】第4回しっぽっちマルシェ,,,,,,,,,0.0,検索タイムアウト/ネットワーク不調または該当ページ未特定
【静岡県】Vol.1 渚園DEKAKERU wankobiyori,,,,,,,,,0.0,検索タイムアウト/ネットワーク不調または該当ページ未特定
【愛知県】わんワンダーフェス津島天王川公園,,,,,,,,,0.0,検索タイムアウト/ネットワーク不調または該当ページ未特定
【愛知県】ワンぱらマルシェ in 一宮,,,,,,,,,0.0,検索タイムアウト/ネットワーク不調または該当ページ未特定
【東京都】有明ドッグフェスティバル,,,,,,,,,0.0,検索タイムアウト/ネットワーク不調または該当ページ未特定
【埼玉県】おいしいマルシェ×いぬのおまつり,,,,,,,,,0.0,検索タイムアウト/ネットワーク不調または該当ページ未特定
【茨城県】ドッグフレンドリーフェスタ,,,,,,,,,0.0,検索タイムアウト/ネットワーク不調または該当ページ未特定
【千葉県】PET FESTA INAGE,,,,,,,,,0.0,検索タイムアウト/ネットワーク不調または該当ページ未特定
【東京都】PETPLE（ペップル）,,,,,,,,,0.0,検索タイムアウト/ネットワーク不調または該当ページ未特定
【神奈川県】油壺＋wan MARKET,,,,,,,,,0.0,検索タイムアウト/ネットワーク不調または該当ページ未特定
【岡山県】第5回Cuore Fes （クオーレフェス）,,,,,,,,,0.0,検索タイムアウト/ネットワーク不調または該当ページ未特定
【宮崎県】わんにゃんパルパルーザ,,,,,,,,,0.0,検索タイムアウト/ネットワーク不調または該当ページ未特定
【三重県】フジマルシェ,,,,,,,,,0.0,検索タイムアウト/ネットワーク不調または該当ページ未特定
【大阪府】わんニャスフェスティバル in 茨木,,,,,,,,,0.0,検索タイムアウト/ネットワーク不調または該当ページ未特定
【兵庫県】第４回ハーバーワンダーランド,,,,,,,,,0.0,検索タイムアウト/ネットワーク不調または該当ページ未特定
【大阪府】つながる犬市 Vol.1,,,,,,,,,0.0,検索タイムアウト/ネットワーク不調または該当ページ未特定
【大阪府】あつまれ！わんダーランド,,,,,,,,,0.0,検索タイムアウト/ネットワーク不調または該当ページ未特定
【大阪府】MANAあにまるフェス in 奥河内くろまろの郷,,,,,,,,,0.0,検索タイムアウト/ネットワーク不調または該当ページ未特定
【京都府】ACEわんにゃんマルシェ,,,,,,,,,0.0,検索タイムアウト/ネットワーク不調または該当ページ未特定
【岐阜県】いぬの駅マルシェ,,,,,,,,,0.0,検索タイムアウト/ネットワーク不調または該当ページ未特定
【静岡県】第1回 いぬのくに お花見わんこマルシェ,,,,,,,,,0.0,検索タイムアウト/ネットワーク不調または該当ページ未特定
【愛知県】よつばマルシェ,,,,,,,,,0.0,検索タイムアウト/ネットワーク不調または該当ページ未特定
【東京都】LEXUS DOG FESTA Presented by LEXUS Ariake,,,,,,,,,0.0,検索タイムアウト/ネットワーク不調または該当ページ未特定
【茨城県】新利根マルシェ わんこDAY,,,,,,,,,0.0,検索タイムアウト/ネットワーク不調または該当ページ未特定
【北海道】HAPPY BAZAAR ~ハッピーバザール-inアモール,,,,,,,,,0.0,検索タイムアウト/ネットワーク不調または該当ページ未特定
【北海道】あったか・ホッコリマルシェ,,,,,,,,,0.0,検索タイムアウト/ネットワーク不調または該当ページ未特定
【宮城県】台ヶ森ひな祭りわんわんマルシェ,,,,,,,,,0.0,検索タイムアウト/ネットワーク不調または該当ページ未特定
【茨城県】ちょびマルシェ,,,,,,,,,0.0,検索タイムアウト/ネットワーク不調または該当ページ未特定
【埼玉県】わんこのフェス by MOLUYUKA〜ちょっと遅いバレンタインに愛を込めて〜,,,,,,,,,0.0,検索タイムアウト/ネットワーク不調または該当ページ未特定
【栃木県】PILI ALOHA Fes.with DOG,,,,,,,,,0.0,検索タイムアウト/ネットワーク不調または該当ページ未特定
【神奈川県】ドッグフレンドリーウィーク,,,,,,,,,0.0,検索タイムアウト/ネットワーク不調または該当ページ未特定
【茨城県】第2回 DogFes’ohana & Pilina,,,,,,,,,0.0,検索タイムアウト/ネットワーク不調または該当ページ未特定
【岐阜県】犬祭り@ぎふ清流里山公園,,,,,,,,,0.0,検索タイムアウト/ネットワーク不調または該当ページ未特定
【兵庫県】川西ドッグランマルシェ,,,,,,,,,0.0,検索タイムアウト/ネットワーク不調または該当ページ未特定
【三重県】鈴鹿わんこマルシェ,,,,,,,,,0.0,検索タイムアウト/ネットワーク不調または該当ページ未特定
【鳥取県】第2回Chien de pont swap meet,,,,,,,,,0.0,検索タイムアウト/ネットワーク不調または該当ページ未特定
【香川県】千疋の丘 1周年感謝祭,,,,,,,,,0.0,検索タイムアウト/ネットワーク不調または該当ページ未特定
【福岡】ドガットマルシェVol.2,,,,,,,,,0.0,検索タイムアウト/ネットワーク不調または該当ページ未特定
【兵庫】わんにゃんフェスタ,,,,,,,,,0.0,検索タイムアウト/ネットワーク不調または該当ページ未特定
【兵庫】第5回SKYわんにゃんマーケット,,,,,,,,,0.0,検索タイムアウト/ネットワーク不調または該当ページ未特定
【大阪】犬猫マナーアップまるしぇ,,,,,,,,,0.0,検索タイムアウト/ネットワーク不調または該当ページ未特定
【富山】第2回＃頑張ろう北陸　ともだちの輪ン！,,,,,,,,,0.0,検索タイムアウト/ネットワーク不調または該当ページ未特定
【静岡】いぬのピクニックマルシェ,,,,,,,,,0.0,検索タイムアウト/ネットワーク不調または該当ページ未特定
【茨城】わいわいマーケット,,,,,,,,,0.0,検索タイムアウト/ネットワーク不調または該当ページ未特定
【東京】キラナわんわんデー,,,,,,,,,0.0,検索タイムアウト/ネットワーク不調または該当ページ未特定
【神奈川】優マーケット,,,,,,,,,0.0,検索タイムアウト/ネットワーク不調または該当ページ未特定
【神奈川】わんわんマルシェ,,,,,,,,,0.0,検索タイムアウト/ネットワーク不調または該当ページ未特定
【茨城】D-LAP Field Trip,,,,,,,,,0.0,検索タイムアウト/ネットワーク不調または該当ページ未特定
【埼玉】ドッグフレンドリーフェスタ,,,,,,,,,0.0,検索タイムアウト/ネットワーク不調または該当ページ未特定
【神奈川】ゴーゴードッグパーティー,,,,,,,,,0.0,検索タイムアウト/ネットワーク不調または該当ページ未特定
【神奈川】クリスタルバレンタイン,,,,,,,,,0.0,検索タイムアウト/ネットワーク不調または該当ページ未特定
【神奈川】油壺＋wan MARKET,,,,,,,,,0.0,検索タイムアウト/ネットワーク不調または該当ページ未特定
【北海道】ライブアップドッグランフェスタinえこりん村,,,,,,,,,0.0,検索タイムアウト/ネットワーク不調または該当ページ未特定
【岡山】赤の宴マルシェ,,,,,,,,,0.0,検索タイムアウト/ネットワーク不調または該当ページ未特定
【大阪】立春犬吉祭,,,,,,,,,0.0,検索タイムアウト/ネットワーク不調または該当ページ未特定
【岐阜】いぬの駅マルシェ,,,,,,,,,0.0,検索タイムアウト/ネットワーク不調または該当ページ未特定
【岐阜】わんワンダーフェス岐阜ハウジングギャラリー県庁前,,,,,,,,,0.0,検索タイムアウト/ネットワーク不調または該当ページ未特定
【愛知】第2回 春日井わんわんマルシェ with DOG,,,,,,,,,0.0,検索タイムアウト/ネットワーク不調または該当ページ未特定
【神奈川】第41回 ワン One day！,,,,,,,,,0.0,検索タイムアウト/ネットワーク不調または該当ページ未特定
【東京】DoOneGood -人に、犬に、猫に良くする- vol.12,,,,,,,,,0.0,検索タイムアウト/ネットワーク不調または該当ページ未特定
【広島】サロンマルシェ〜わんにゃふるver.〜,,,,,,,,,0.0,検索タイムアウト/ネットワーク不調または該当ページ未特定
【兵庫】第12回『愛犬マルシェ』,,,,,,,,,0.0,検索タイムアウト/ネットワーク不調または該当ページ未特定
【三重】だいずんむっしマルシェvol.3,,,,,,,,,0.0,検索タイムアウト/ネットワーク不調または該当ページ未特定
【大阪】ドギーズマート -doggies mart.-,,,,,,,,,0.0,検索タイムアウト/ネットワーク不調または該当ページ未特定
【岐阜】犬祭りテラス,,,,,,,,,0.0,検索タイムアウト/ネットワーク不調または該当ページ未特定
【静岡】久能山マルシェ,,,,,,,,,0.0,検索タイムアウト/ネットワーク不調または該当ページ未特定
【富山】＃頑張ろう北陸　ともだちの輪ン！,,,,,,,,,0.0,検索タイムアウト/ネットワーク不調または該当ページ未特定
【静岡】第3回　犬とも広場,,,,,,,,,0.0,検索タイムアウト/ネットワーク不調または該当ページ未特定
【宮城】台ヶ森新春わんわんマルシェ,,,,,,,,,0.0,検索タイムアウト/ネットワーク不調または該当ページ未特定
【北海道】しっぽフェスタ！,,,,,,,,,0.0,検索タイムアウト/ネットワーク不調または該当ページ未特定
【栃木県】PILI ALOHA Fes.with DOG,,,,,,,,,0.0,検索タイムアウト/ネットワーク不調または該当ページ未特定
【埼玉県】メリアスDOGマルシェ in まつぶし緑の丘公園,,,,,,,,,0.0,検索タイムアウト/ネットワーク不調または該当ページ未特定
【神奈川県】WITH ALL DOGS,,,,,,,,,0.0,検索タイムアウト/ネットワーク不調または該当ページ未特定
【香川県】ペットとお散歩マルシェ,,,,,,,,,0.0,検索タイムアウト/ネットワーク不調または該当ページ未特定
【鳥取県】Chien de pont swap meet,,,,,,,,,0.0,検索タイムアウト/ネットワーク不調または該当ページ未特定
【兵庫県】川西ドッグランマルシェ,,,,,,,,,0.0,検索タイムアウト/ネットワーク不調または該当ページ未特定
【岐阜県】第38回 わんマル各務原 in OASIS PARK,,,,,,,,,0.0,検索タイムアウト/ネットワーク不調または該当ページ未特定
【岐阜県】わんワンダーフェス イオンモール土岐&ハウジングパーク,,,,,,,,,0.0,検索タイムアウト/ネットワーク不調または該当ページ未特定
【岐阜県】わんワンダーフェス 岐阜ハウジングギャラリー各務原,,,,,,,,,0.0,検索タイムアウト/ネットワーク不調または該当ページ未特定
【愛知県】第1回 春日井マルシェ with DOG,,,,,,,,,0.0,検索タイムアウト/ネットワーク不調または該当ページ未特定
【埼玉県】おうちやさんの食とすてき市,,,,,,,,,0.0,検索タイムアウト/ネットワーク不調または該当ページ未特定
【神奈川県】優マーケット＊青空マルシェ in 平塚,,,,,,,,,0.0,検索タイムアウト/ネットワーク不調または該当ページ未特定
【群馬県】アンドドッグマルシェ,,,,,,,,,0.0,検索タイムアウト/ネットワーク不調または該当ページ未特定
【神奈川県】油壺＋wan MARKET,,,,,,,,,0.0,検索タイムアウト/ネットワーク不調または該当ページ未特定
【東京都】キラナわんわんコレクション,,,,,,,,,0.0,検索タイムアウト/ネットワーク不調または該当ページ未特定
【愛知県】みょうこうじわんわんミニマルシェ,,,,,,,,,0.0,検索タイムアウト/ネットワーク不調または該当ページ未特定
【千葉県】第3回 市原ワンコマルシェ,,,,,,,,,0.0,検索タイムアウト/ネットワーク不調または該当ページ未特定
【神奈川県】わんわんマルシェ,,,,,,,,,0.0,検索タイムアウト/ネットワーク不調または該当ページ未特定
【福岡県】わんことおさんぽマルシェ,,,,,,,,,0.0,検索タイムアウト/ネットワーク不調または該当ページ未特定
【鳥取県】Chien de pont hush hush autumn Marche,,,,,,,,,0.0,検索タイムアウト/ネットワーク不調または該当ページ未特定
【兵庫県】川西ドッグランマルシェ,,,,,,,,,0.0,検索タイムアウト/ネットワーク不調または該当ページ未特定
【滋賀県】第1回わんこいんデー&マルシェ,,,,,,,,,0.0,検索タイムアウト/ネットワーク不調または該当ページ未特定
【兵庫県】つながるマルシェ〜冬を思いっきり楽しもう！マルシェ〜,,,,,,,,,0.0,検索タイムアウト/ネットワーク不調または該当ページ未特定
【京都府】クリスマスわんわんワンコインコンサート,,,,,,,,,0.0,検索タイムアウト/ネットワーク不調または該当ページ未特定
【愛知県】わんワンダーフェス＠大高緑地公園,,,,,,,,,0.0,検索タイムアウト/ネットワーク不調または該当ページ未特定
【静岡県】いつもの散歩道deクリスマスマーケット,,,,,,,,,0.0,検索タイムアウト/ネットワーク不調または該当ページ未特定
【愛知県】Dog きのこマーケット,,,,,,,,,0.0,検索タイムアウト/ネットワーク不調または該当ページ未特定
【東京都】第2回わんてらす dog & outdoorマルシェ in昭島,,,,,,,,,0.0,検索タイムアウト/ネットワーク不調または該当ページ未特定
【千葉県】PET FESTA INAGE,,,,,,,,,0.0,検索タイムアウト/ネットワーク不調または該当ページ未特定
【北海道】ニャンと！ワンだふるマルシェ in 前田中央会館vol.2,,,,,,,,,0.0,検索タイムアウト/ネットワーク不調または該当ページ未特定
【福岡県】Happy Family Wan Fes ハピ💕わん Xmasパーティー,,,,,,,,,0.0,検索タイムアウト/ネットワーク不調または該当ページ未特定
【香川県】ペットとお散歩マルシェ,,,,,,,,,0.0,検索タイムアウト/ネットワーク不調または該当ページ未特定
【兵庫県】MOKOん家ワンマルシェ,,,,,,,,,0.0,検索タイムアウト/ネットワーク不調または該当ページ未特定
【三重県】鈴鹿PAわんこプチマルシェ,,,,,,,,,0.0,検索タイムアウト/ネットワーク不調または該当ページ未特定
【兵庫県】第11回 愛犬マルシェin 神戸ワイナリー ワイン城 クリスマスマーケット,,,,,,,,,0.0,検索タイムアウト/ネットワーク不調または該当ページ未特定
【兵庫県】ねこフェス＋わんマルシェ,,,,,,,,,0.0,検索タイムアウト/ネットワーク不調または該当ページ未特定
【兵庫県】ヒトとワンコのぷらっとマルシェ,,,,,,,,,0.0,検索タイムアウト/ネットワーク不調または該当ページ未特定
【大阪府】Log-in LOVE PET FESTA -vol.7-（ログイン ラブ ペットフェスタ）,,,,,,,,,0.0,検索タイムアウト/ネットワーク不調または該当ページ未特定
【大阪府】ANIMAL CONNECT,,,,,,,,,0.0,検索タイムアウト/ネットワーク不調または該当ページ未特定
【兵庫県】ワンダフルフェスタ クリスマスミニマルシェ,,,,,,,,,0.0,検索タイムアウト/ネットワーク不調または該当ページ未特定
【静岡県】REANDY DEKAKERU wankobiyori vol.22（デカケルわんこびより）,,,,,,,,,0.0,検索タイムアウト/ネットワーク不調または該当ページ未特定
【岐阜県】Happy Wan Christmas Night,,,,,,,,,0.0,検索タイムアウト/ネットワーク不調または該当ページ未特定
【愛知県】第37回 わんマル安城 inアンフォーレ,,,,,,,,,0.0,検索タイムアウト/ネットワーク不調または該当ページ未特定
【愛知県】わんこマルシェ@すいとぴあ,,,,,,,,,0.0,検索タイムアウト/ネットワーク不調または該当ページ未特定
【静岡県】FUJIYAMA DAYS LIFE STYLE FESTA（フジヤマデイズライフスタイルフェスタ）,,,,,,,,,0.0,検索タイムアウト/ネットワーク不調または該当ページ未特定
【静岡県】富士山🐾ワン🐾ダーランド,,,,,,,,,0.0,検索タイムアウト/ネットワーク不調または該当ページ未特定
【静岡県】Hap!fes.～ハピフェス～Christmas!,,,,,,,,,0.0,検索タイムアウト/ネットワーク不調または該当ページ未特定
【神奈川県】WITH a ALL DOGS,,,,,,,,,0.0,検索タイムアウト/ネットワーク不調または該当ページ未特定
【千葉県】第2回 磯辺にぎわいマルシェ,,,,,,,,,0.0,検索タイムアウト/ネットワーク不調または該当ページ未特定
【埼玉県】いぬ cafe ガーデン,,,,,,,,,0.0,検索タイムアウト/ネットワーク不調または該当ページ未特定
【東京都】FUGAFUGA CHRISTMAS MARCHE,,,,,,,,,0.0,検索タイムアウト/ネットワーク不調または該当ページ未特定
【埼玉県】BRUTTOMARKET in 吉見運動公園,,,,,,,,,0.0,検索タイムアウト/ネットワーク不調または該当ページ未特定
【埼玉県】第3回 テラスパークドッグフェス -TERRACEPARK DOG FES-,,,,,,,,,0.0,検索タイムアウト/ネットワーク不調または該当ページ未特定
【東京都】DoOneGood -人に、犬に、猫に良くする- vol.11,,,,,,,,,0.0,検索タイムアウト/ネットワーク不調または該当ページ未特定
【埼玉県】ワンウェルフェア プチXMASマルシェ＆保護犬猫譲渡会,,,,,,,,,0.0,検索タイムアウト/ネットワーク不調または該当ページ未特定
【北海道】HAPPY BAZAAR ~ハッピーバザール- in アモール,,,,,,,,,0.0,検索タイムアウト/ネットワーク不調または該当ページ未特定
【香川県】あつまれ千疋の丘,,,,,,,,,0.0,検索タイムアウト/ネットワーク不調または該当ページ未特定
【岡山県】となりのマルシェ その5,,,,,,,,,0.0,検索タイムアウト/ネットワーク不調または該当ページ未特定
【愛媛県】チワワ クリスマスパーティー,,,,,,,,,0.0,検索タイムアウト/ネットワーク不調または該当ページ未特定
【山口県】第10回 マルシェデワンコ,,,,,,,,,0.0,検索タイムアウト/ネットワーク不調または該当ページ未特定
【兵庫県】ピースワンドッグフェスタ,,,,,,,,,0.0,検索タイムアウト/ネットワーク不調または該当ページ未特定
【京都府】クリスマスパーティーマルシェ,,,,,,,,,0.0,検索タイムアウト/ネットワーク不調または該当ページ未特定
【兵庫県】こんにちは いわまるシェ,,,,,,,,,0.0,検索タイムアウト/ネットワーク不調または該当ページ未特定
【大阪府】MANAあにまるフェス in 大枝公園,,,,,,,,,0.0,検索タイムアウト/ネットワーク不調または該当ページ未特定
【岐阜県】犬祭りテラス,,,,,,,,,0.0,検索タイムアウト/ネットワーク不調または該当ページ未特定
【愛知県】wish Dog happiness 犬ハピ Vol.3,,,,,,,,,0.0,検索タイムアウト/ネットワーク不調または該当ページ未特定
【愛知県】wandarake 30 Xmas Special,,,,,,,,,0.0,検索タイムアウト/ネットワーク不調または該当ページ未特定
【東京都】キラナわんわんデー,,,,,,,,,0.0,検索タイムアウト/ネットワーク不調または該当ページ未特定
【埼玉県】Le Sourire Marche Vo.17,,,,,,,,,0.0,検索タイムアウト/ネットワーク不調または該当ページ未特定
【神奈川県】第3回保木公園フェス,,,,,,,,,0.0,検索タイムアウト/ネットワーク不調または該当ページ未特定
【千葉県】Samukawa Dog Garden’s プチイベント,,,,,,,,,0.0,検索タイムアウト/ネットワーク不調または該当ページ未特定
【神奈川県】優マーケット＊青空マルシェ in 平塚,,,,,,,,,0.0,検索タイムアウト/ネットワーク不調または該当ページ未特定
【栃木県】第41回58ロハスマルシェ-CHRISTMAS&NEW YEAR-,,,,,,,,,0.0,検索タイムアウト/ネットワーク不調または該当ページ未特定
【神奈川県】油壺＋wan MARKET,,,,,,,,,0.0,検索タイムアウト/ネットワーク不調または該当ページ未特定
【千葉県】THE DOG FES vol.6 -犬とクリスマス-,,,,,,,,,0.0,検索タイムアウト/ネットワーク不調または該当ページ未特定
【栃木県】Have Fun Base vol.2 愛犬と登山と撮影会 黒戸山・高館山,,,,,,,,,0.0,検索タイムアウト/ネットワーク不調または該当ページ未特定
【北海道】わんわん冬祭り,,,,,,,,,0.0,検索タイムアウト/ネットワーク不調または該当ページ未特定
【北海道】あわてんぼうのサンタクロースがやってきた！in さっぽろドッグランど,,,,,,,,,0.0,検索タイムアウト/ネットワーク不調または該当ページ未特定
【宮城県】MERRY Christmas in ガモウパーク,,,,,,,,,0.0,検索タイムアウト/ネットワーク不調または該当ページ未特定
【埼玉県】10th ~ONE’s Market~,,,,,,,,,0.0,検索タイムアウト/ネットワーク不調または該当ページ未特定
【千葉県】ドギーズクリスマスマーケット,,,,,,,,,0.0,検索タイムアウト/ネットワーク不調または該当ページ未特定
【茨城県】パピパピキャラバン,,,,,,,,,0.0,検索タイムアウト/ネットワーク不調または該当ページ未特定
【埼玉県】PINPIN Marche ～聖なるWan Night🔔,,,,,,,,,0.0,検索タイムアウト/ネットワーク不調または該当ページ未特定
【宮城県】Xmas DOG marché,,,,,,,,,0.0,検索タイムアウト/ネットワーク不調または該当ページ未特定
【茨城県】OHANAわんにゃんフェス,,,,,,,,,0.0,検索タイムアウト/ネットワーク不調または該当ページ未特定
【栃木県】大好き❤️わんにゃんマルシェ,,,,,,,,,0.0,検索タイムアウト/ネットワーク不調または該当ページ未特定
【佐賀県】ふれあいワンDAY,,,,,,,,,0.0,検索タイムアウト/ネットワーク不調または該当ページ未特定
【広島県】第3回 わんこのお祭り,,,,,,,,,0.0,検索タイムアウト/ネットワーク不調または該当ページ未特定
【高知県】friendship fes,,,,,,,,,0.0,検索タイムアウト/ネットワーク不調または該当ページ未特定
【広島県】広島Buhi友の会15th in 恋文字公園,,,,,,,,,0.0,検索タイムアウト/ネットワーク不調または該当ページ未特定
【滋賀県】GyuU GyuU&ポケットマルシェ,,,,,,,,,0.0,検索タイムアウト/ネットワーク不調または該当ページ未特定
【大阪府】ドギーズマート-doggies mart.-,,,,,,,,,0.0,検索タイムアウト/ネットワーク不調または該当ページ未特定
【滋賀県】第2回 BIWAKO BULL MEETING,,,,,,,,,0.0,検索タイムアウト/ネットワーク不調または該当ページ未特定
【兵庫県】わんわんマルシェvol.41,,,,,,,,,0.0,検索タイムアウト/ネットワーク不調または該当ページ未特定
【奈良県】るらるわんわんフェスin奈良健康ランド,,,,,,,,,0.0,検索タイムアウト/ネットワーク不調または該当ページ未特定
【大阪府】わんことマルシェvol.11,,,,,,,,,0.0,検索タイムアウト/ネットワーク不調または該当ページ未特定
【愛知県】REACH&TIE マルシェ,,,,,,,,,0.0,検索タイムアウト/ネットワーク不調または該当ページ未特定
【愛知県】春日井わんわんマルシェ,,,,,,,,,0.0,検索タイムアウト/ネットワーク不調または該当ページ未特定
【千葉県】第10回 WAN LOVE MARKET,,,,,,,,,0.0,検索タイムアウト/ネットワーク不調または該当ページ未特定
【静岡県】Vol.2 アヴスウェデカケルわんこびより,,,,,,,,,0.0,検索タイムアウト/ネットワーク不調または該当ページ未特定
【千葉県】クリスマスマーケット,,,,,,,,,0.0,検索タイムアウト/ネットワーク不調または該当ページ未特定
【神奈川県】第40回 ワンOne day!,,,,,,,,,0.0,検索タイムアウト/ネットワーク不調または該当ページ未特定
【埼玉県】ぽけっとマルシェby LOOP,,,,,,,,,0.0,検索タイムアウト/ネットワーク不調または該当ページ未特定
【岐阜県】第３回 大人のスーク市with DOG,,,,,,,,,0.0,検索タイムアウト/ネットワーク不調または該当ページ未特定
【愛知県】わんワンダーフェス＠大高緑地公園,,,,,,,,,0.0,検索タイムアウト/ネットワーク不調または該当ページ未特定
【和歌山県】BIG”ワン”day2,,,,,,,,,0.0,検索タイムアウト/ネットワーク不調または該当ページ未特定
【兵庫県】第5回 アシヤドッグスポーツフェスタ,,,,,,,,,0.0,検索タイムアウト/ネットワーク不調または該当ページ未特定
【愛知県】第5回 mikidogfes 犬の運動会&マルシェ,,,,,,,,,0.0,検索タイムアウト/ネットワーク不調または該当ページ未特定
【大阪府】わんニャスフェスティバル in 豊中,,,,,,,,,0.0,検索タイムアウト/ネットワーク不調または該当ページ未特定
【岐阜県】あいかワンまつり,,,,,,,,,0.0,検索タイムアウト/ネットワーク不調または該当ページ未特定
【大阪府】K・DOG SPA 1周年記念イベント,,,,,,,,,0.0,検索タイムアウト/ネットワーク不調または該当ページ未特定
【兵庫県】第4回 SKYわんにゃんマーケット,,,,,,,,,0.0,検索タイムアウト/ネットワーク不調または該当ページ未特定
【滋賀県】わんわんマルシェin三井アウトレットパーク滋賀竜王Vol.8,,,,,,,,,0.0,検索タイムアウト/ネットワーク不調または該当ページ未特定
【兵庫県】第10回 愛犬マルシェin オータムフードパラダイス,,,,,,,,,0.0,検索タイムアウト/ネットワーク不調または該当ページ未特定
【岐阜県】犬祭りテラス,,,,,,,,,0.0,検索タイムアウト/ネットワーク不調または該当ページ未特定
【愛知県】犬労感謝祭,,,,,,,,,0.0,検索タイムアウト/ネットワーク不調または該当ページ未特定
【岐阜県】第36回 わんマル各務原 in OASIS PARK,,,,,,,,,0.0,検索タイムアウト/ネットワーク不調または該当ページ未特定
【東京都】ワンダフル市場,,,,,,,,,0.0,検索タイムアウト/ネットワーク不調または該当ページ未特定
【埼玉県】わんにゃんフレンドリーフェア,,,,,,,,,0.0,検索タイムアウト/ネットワーク不調または該当ページ未特定
【千葉県】DoggieなHarbor vol.7 （ドギーなハーバー）,,,,,,,,,0.0,検索タイムアウト/ネットワーク不調または該当ページ未特定
【神奈川県】DOG FRIENDLY MARKET vol.05,,,,,,,,,0.0,検索タイムアウト/ネットワーク不調または該当ページ未特定
【栃木県】第40回58ロハスマルシェ-COFFEE&SWEETS-,,,,,,,,,0.0,検索タイムアウト/ネットワーク不調または該当ページ未特定
【茨城県】Market Smile,,,,,,,,,0.0,検索タイムアウト/ネットワーク不調または該当ページ未特定
【茨城県】わんてらす dog & outdoor マルシェ in 利根町,,,,,,,,,0.0,検索タイムアウト/ネットワーク不調または該当ページ未特定
【大分県】わんにゃんフェスタ,,,,,,,,,0.0,検索タイムアウト/ネットワーク不調または該当ページ未特定
【大分県】Oita Buhi land 3rd,,,,,,,,,0.0,検索タイムアウト/ネットワーク不調または該当ページ未特定
【熊本県】Shippom Marche（しっぽまるしぇ）,,,,,,,,,0.0,検索タイムアウト/ネットワーク不調または該当ページ未特定
【福岡県】BULU BULU Autumn,,,,,,,,,0.0,検索タイムアウト/ネットワーク不調または該当ページ未特定
【長崎県】DOGウォークラリー,,,,,,,,,0.0,検索タイムアウト/ネットワーク不調または該当ページ未特定
【岡山県】第二回 犬吉猫吉 大運動会,,,,,,,,,0.0,検索タイムアウト/ネットワーク不調または該当ページ未特定
【広島県】ひろまちペットinゲートパーク,,,,,,,,,0.0,検索タイムアウト/ネットワーク不調または該当ページ未特定
【岡山県】となりのマルシェ その4,,,,,,,,,0.0,検索タイムアウト/ネットワーク不調または該当ページ未特定
【大阪府】わんにゃんマルシェ@住之江公園 vol.4,,,,,,,,,0.0,検索タイムアウト/ネットワーク不調または該当ページ未特定
【三重県】菰野わんこマルシェ,,,,,,,,,0.0,検索タイムアウト/ネットワーク不調または該当ページ未特定
【兵庫県】わんわんマルシェ in KOBEメリケンパーク vol.2,,,,,,,,,0.0,検索タイムアウト/ネットワーク不調または該当ページ未特定
【兵庫県】川西ドッグランマルシェ,,,,,,,,,0.0,検索タイムアウト/ネットワーク不調または該当ページ未特定
【滋賀県】びわ湖わんにゃんマルシェ,,,,,,,,,0.0,検索タイムアウト/ネットワーク不調または該当ページ未特定
【静岡県】My family ワンコマルシェin Numazu,,,,,,,,,0.0,検索タイムアウト/ネットワーク不調または該当ページ未特定
【静岡県】DEKAKERU wankobiyori vol.21,,,,,,,,,0.0,検索タイムアウト/ネットワーク不調または該当ページ未特定
【山梨県】秋まつりワンワンフェスタ,,,,,,,,,0.0,検索タイムアウト/ネットワーク不調または該当ページ未特定
【富山県】HACHI MARCHE（ハチマルシェ）,,,,,,,,,0.0,検索タイムアウト/ネットワーク不調または該当ページ未特定
【静岡県】第３回 いぬのピクニックマルシェ,,,,,,,,,0.0,検索タイムアウト/ネットワーク不調または該当ページ未特定
【茨城県】第4回 SMILEマルシェ,,,,,,,,,0.0,検索タイムアウト/ネットワーク不調または該当ページ未特定
【千葉県】THE DOG FES vol.5-犬とチャリティ-,,,,,,,,,0.0,検索タイムアウト/ネットワーク不調または該当ページ未特定
【千葉県】第1回 八千代台わんわん祭り,,,,,,,,,0.0,検索タイムアウト/ネットワーク不調または該当ページ未特定
【大阪府】DOGGYM Shake! DOGDANCE Competition,,,,,,,,,0.0,検索タイムアウト/ネットワーク不調または該当ページ未特定
【愛知県】小牧城見市 わんだふるマルシェ,,,,,,,,,0.0,検索タイムアウト/ネットワーク不調または該当ページ未特定
【福岡県】いぬここマルシェ in カントリー家具I.D.F,,,,,,,,,0.0,検索タイムアウト/ネットワーク不調または該当ページ未特定
【長崎県】わんこ運動会,,,,,,,,,0.0,検索タイムアウト/ネットワーク不調または該当ページ未特定
【徳島県】わんわんの会 AUTUMN,,,,,,,,,0.0,検索タイムアウト/ネットワーク不調または該当ページ未特定
【山口県】やない青空マルシェ vol.2 ~わん・カーニバル！！~,,,,,,,,,0.0,検索タイムアウト/ネットワーク不調または該当ページ未特定
【広島県】トモビオわんわんマルシェ,,,,,,,,,0.0,検索タイムアウト/ネットワーク不調または該当ページ未特定
【滋賀県】わんちゃんと楽しめるマルシェ,,,,,,,,,0.0,検索タイムアウト/ネットワーク不調または該当ページ未特定
【奈良県】Doggies Mart,,,,,,,,,0.0,検索タイムアウト/ネットワーク不調または該当ページ未特定
【兵庫県】Happy Dogフェス,,,,,,,,,0.0,検索タイムアウト/ネットワーク不調または該当ページ未特定
【岐阜県】ココテラスわんにゃんPicnic,,,,,,,,,0.0,検索タイムアウト/ネットワーク不調または該当ページ未特定
【富山県】わんワンダーフェス＠富山,,,,,,,,,0.0,検索タイムアウト/ネットワーク不調または該当ページ未特定
【岐阜県】Happy Choiceチャリティーマルシェ,,,,,,,,,0.0,検索タイムアウト/ネットワーク不調または該当ページ未特定
【石川県】ワンまるプチ vol.5,,,,,,,,,0.0,検索タイムアウト/ネットワーク不調または該当ページ未特定
【新潟県】ちっちゃい しっぽまるしぇ,,,,,,,,,0.0,検索タイムアウト/ネットワーク不調または該当ページ未特定
【静岡県】第8回 川の駅ドッグフェスだら～,,,,,,,,,0.0,検索タイムアウト/ネットワーク不調または該当ページ未特定
【熊本県】 秋のBUHIマーケット,,,,,,,,,0.0,検索タイムアウト/ネットワーク不調または該当ページ未特定
【神奈川県】第2回 なかはら秋のわんにゃんまつり ～ペットと防災～,,,,,,,,,0.0,検索タイムアウト/ネットワーク不調または該当ページ未特定
【千葉県】Cafeアニーの庭 de エンジョイマルシェ,,,,,,,,,0.0,検索タイムアウト/ネットワーク不調または該当ページ未特定
【福岡県】 はっぴーだわんマルシェ,,,,,,,,,0.0,検索タイムアウト/ネットワーク不調または該当ページ未特定
【栃木県】ドッグフレンドリー in 東武ワールドスクウェア×58ロハスクラブ,,,,,,,,,0.0,検索タイムアウト/ネットワーク不調または該当ページ未特定
【埼玉県】mof mof festa,,,,,,,,,0.0,検索タイムアウト/ネットワーク不調または該当ページ未特定
【東京都】いぬのおまつり ＠イオンモールむさし村山,,,,,,,,,0.0,検索タイムアウト/ネットワーク不調または該当ページ未特定
【埼玉県】第5回 食とすてき市,,,,,,,,,0.0,検索タイムアウト/ネットワーク不調または該当ページ未特定
【福島県】第6弾 うちの仔市場 in 四季の里,,,,,,,,,0.0,検索タイムアウト/ネットワーク不調または該当ページ未特定
【広島県】NO DOG NO LIFE vol.4,,,,,,,,,0.0,検索タイムアウト/ネットワーク不調または該当ページ未特定
【福島県】第1回目 赤間シェルターフェスティバル,,,,,,,,,0.0,検索タイムアウト/ネットワーク不調または該当ページ未特定
【神奈川県】ふがふがれすきゅークラブ × 湘南鎌倉クリスタルホテル CHARITY MARKET,,,,,,,,,0.0,検索タイムアウト/ネットワーク不調または該当ページ未特定
【千葉県】WAN BASE,,,,,,,,,0.0,検索タイムアウト/ネットワーク不調または該当ページ未特定
【茨城県】KASAMA DOG MARKET vol.3,,,,,,,,,0.0,検索タイムアウト/ネットワーク不調または該当ページ未特定
【神奈川県】第11回 わんにゃんマルシェ,,,,,,,,,0.0,検索タイムアウト/ネットワーク不調または該当ページ未特定
【愛知県】エレガントマルシェinわんこ・防災キャンプフェス,,,,,,,,,0.0,検索タイムアウト/ネットワーク不調または該当ページ未特定
【新潟県】犬とアートな仲間 in 道の駅 庭園の郷 保内,,,,,,,,,0.0,検索タイムアウト/ネットワーク不調または該当ページ未特定
【愛知県】甚目寺観音風土マルシェ わんこマルシェ,,,,,,,,,0.0,検索タイムアウト/ネットワーク不調または該当ページ未特定
【愛知県】ハッピーよつばマルシェ,,,,,,,,,0.0,検索タイムアウト/ネットワーク不調または該当ページ未特定
【京都府】ACEわんにゃんマルシェ,,,,,,,,,0.0,検索タイムアウト/ネットワーク不調または該当ページ未特定
【兵庫県】つながるマルシェ 宝塚KIDS&宝塚WAN,,,,,,,,,0.0,検索タイムアウト/ネットワーク不調または該当ページ未特定
【三重県】鈴鹿PAわんこプチマルシェ,,,,,,,,,0.0,検索タイムアウト/ネットワーク不調または該当ページ未特定
【京都府】丹後王国ドッグランフェスタ,,,,,,,,,0.0,検索タイムアウト/ネットワーク不調または該当ページ未特定
【大阪府】ドギーズマート -doggies mart.-,,,,,,,,,0.0,検索タイムアウト/ネットワーク不調または該当ページ未特定
【大阪府】第9回 ピースワン ドッグフェスティバル,,,,,,,,,0.0,検索タイムアウト/ネットワーク不調または該当ページ未特定
【兵庫県】ワンロコマルシェ,,,,,,,,,0.0,検索タイムアウト/ネットワーク不調または該当ページ未特定
【和歌山県】るらるわんわんフェス,,,,,,,,,0.0,検索タイムアウト/ネットワーク不調または該当ページ未特定
【大阪府】MANAあにまるフェス in 奥河内くろまろの郷,,,,,,,,,0.0,検索タイムアウト/ネットワーク不調または該当ページ未特定
【鳥取県】第1回 chien de pont（シオン デ ポン） 〜犬の架け橋〜,,,,,,,,,0.0,検索タイムアウト/ネットワーク不調または該当ページ未特定
【岡山県】第7回目 Anima-ls あにま〜るず,,,,,,,,,0.0,検索タイムアウト/ネットワーク不調または該当ページ未特定
【沖縄県】ワンワンナイトカーニバル & 奥武山夜市,,,,,,,,,0.0,検索タイムアウト/ネットワーク不調または該当ページ未特定
【熊本県】ハピ💕わん ハロウィンパーティー,,,,,,,,,0.0,検索タイムアウト/ネットワーク不調または該当ページ未特定
【千葉県】もふりぃまーけっと,,,,,,,,,0.0,検索タイムアウト/ネットワーク不調または該当ページ未特定
【神奈川県】第5回 わんにゃんフレンドフェスティバル,,,,,,,,,0.0,検索タイムアウト/ネットワーク不調または該当ページ未特定
【宮城県】One love Wan life,,,,,,,,,0.0,検索タイムアウト/ネットワーク不調または該当ページ未特定
【茨城県】第5回 神犬祭 2周年anniversary,,,,,,,,,0.0,検索タイムアウト/ネットワーク不調または該当ページ未特定
【青森県】M-DOGフェス,,,,,,,,,0.0,検索タイムアウト/ネットワーク不調または該当ページ未特定
【宮城県】わんダフルパーク in スマイルグリコパーク,,,,,,,,,0.0,検索タイムアウト/ネットワーク不調または該当ページ未特定
【北海道】Oh!多夢わんマルシェ in さっぽろドッグランド,,,,,,,,,0.0,検索タイムアウト/ネットワーク不調または該当ページ未特定
【岡山県】しっぽいち vol.17,,,,,,,,,0.0,検索タイムアウト/ネットワーク不調または該当ページ未特定
【広島県】LECT DOG GreeTING （レクト ドッググリーティング）,,,,,,,,,0.0,検索タイムアウト/ネットワーク不調または該当ページ未特定
【大阪府】MANAあにまるフェス in 大枝公園,,,,,,,,,0.0,検索タイムアウト/ネットワーク不調または該当ページ未特定
【京都府】WAKU WAKUドッグマルシェ,,,,,,,,,0.0,検索タイムアウト/ネットワーク不調または該当ページ未特定
【三重県】第35回 わんマルVISON,,,,,,,,,0.0,検索タイムアウト/ネットワーク不調または該当ページ未特定
【兵庫県】つながるマルシェ〜いろんな秋見つけた！マルシェ〜,,,,,,,,,0.0,検索タイムアウト/ネットワーク不調または該当ページ未特定
【大阪府】犬猫マナーアップまるしぇin 八幡屋公園,,,,,,,,,0.0,検索タイムアウト/ネットワーク不調または該当ページ未特定
【岐阜県】もふもふ犬祭り・チャウチャウまつり,,,,,,,,,0.0,検索タイムアウト/ネットワーク不調または該当ページ未特定
【山梨県】八ヶ岳Dog MARCHE vol.Ⅳ,,,,,,,,,0.0,検索タイムアウト/ネットワーク不調または該当ページ未特定
【愛知県】わんワンダーフェス＠名城公園トナリノ,,,,,,,,,0.0,検索タイムアウト/ネットワーク不調または該当ページ未特定
【静岡県】清水町わんわんフェスティバル,,,,,,,,,0.0,検索タイムアウト/ネットワーク不調または該当ページ未特定
【愛知県】第3回 KARAフェス 〜ペットと私のワンダフルライフ〜,,,,,,,,,0.0,検索タイムアウト/ネットワーク不調または該当ページ未特定
【岐阜県】犬祭りテラス,,,,,,,,,0.0,検索タイムアウト/ネットワーク不調または該当ページ未特定
【山梨県】French Bulldog LIVE（フレブルLIVE）,,,,,,,,,0.0,検索タイムアウト/ネットワーク不調または該当ページ未特定
【静岡県】御殿場プレミアム・ドッグフェスティバル,,,,,,,,,0.0,検索タイムアウト/ネットワーク不調または該当ページ未特定
【栃木県】アンドドッグフェスvol.4 in 那須ハイランドパーク,,,,,,,,,0.0,検索タイムアウト/ネットワーク不調または該当ページ未特定
【東京都】くんくんドッグフェスタ -ペット防災&スポーツ-,,,,,,,,,0.0,検索タイムアウト/ネットワーク不調または該当ページ未特定
【栃木県】第39回 58ロハスマルシェHAPPYHALLOWEEN-HARVEST-,,,,,,,,,0.0,検索タイムアウト/ネットワーク不調または該当ページ未特定
【埼玉県】中新井わんわんチャリティバザー,,,,,,,,,0.0,検索タイムアウト/ネットワーク不調または該当ページ未特定
【東京都】Do One Good -人に、犬に、猫に良くする- vol.10,,,,,,,,,0.0,検索タイムアウト/ネットワーク不調または該当ページ未特定
【千葉県】THE DOG FES vol.4 -犬とハロウィン-,,,,,,,,,0.0,検索タイムアウト/ネットワーク不調または該当ページ未特定
【埼玉県】第1回 ワンワン運動会 in 埼玉,,,,,,,,,0.0,検索タイムアウト/ネットワーク不調または該当ページ未特定
【東京都】TOKYO DOG FESTIVAL 第2回 JOKERフェスティバル,,,,,,,,,0.0,検索タイムアウト/ネットワーク不調または該当ページ未特定
【東京都】TOKYO DOG FESTIVAL 第25回 シュナフェス,,,,,,,,,0.0,検索タイムアウト/ネットワーク不調または該当ページ未特定
【千葉県】HALLOWEEN EVENT -2ND ANNIVERSARY-,,,,,,,,,0.0,検索タイムアウト/ネットワーク不調または該当ページ未特定
【福島県】第2回 わんわんフェスティバル in 福島,,,,,,,,,0.0,検索タイムアウト/ネットワーク不調または該当ページ未特定
【福岡県】秋のばらマルシェfor dogs,,,,,,,,,0.0,検索タイムアウト/ネットワーク不調または該当ページ未特定
【千葉県】みつばちの森マルシェ～HAPPY HALLOWEEN～,,,,,,,,,0.0,検索タイムアウト/ネットワーク不調または該当ページ未特定
【茨城県】Hygge village Halloween Party,,,,,,,,,0.0,検索タイムアウト/ネットワーク不調または該当ページ未特定
【北海道】Fun place 東神楽 vol.1,,,,,,,,,0.0,検索タイムアウト/ネットワーク不調または該当ページ未特定
【宮城県】ハロウィンマルシェ,,,,,,,,,0.0,検索タイムアウト/ネットワーク不調または該当ページ未特定
【宮城県】RIPPLE MARCHE vol.1,,,,,,,,,0.0,検索タイムアウト/ネットワーク不調または該当ページ未特定
【埼玉県】第4回oneわんマルシェ,,,,,,,,,0.0,検索タイムアウト/ネットワーク不調または該当ページ未特定
【千葉県】第2回 わんこの森フェスティバル,,,,,,,,,0.0,検索タイムアウト/ネットワーク不調または該当ページ未特定
【埼玉県】メリアスDOGマルシェ in まつぶし緑の丘公園,,,,,,,,,0.0,検索タイムアウト/ネットワーク不調または該当ページ未特定
【東京都】dogdeco WONDERFUL DAY vol.3,,,,,,,,,0.0,検索タイムアウト/ネットワーク不調または該当ページ未特定
【東京都】第3回 わんにゃんライフ MARKET＠豊洲公園,,,,,,,,,0.0,検索タイムアウト/ネットワーク不調または該当ページ未特定
【埼玉県】彩 Sainomori Park Market,,,,,,,,,0.0,検索タイムアウト/ネットワーク不調または該当ページ未特定
【埼玉県】Hawaii Fes Fukaya 2nd,,,,,,,,,0.0,検索タイムアウト/ネットワーク不調または該当ページ未特定
【埼玉県】BOO!! BULL BOO!! FESTA,,,,,,,,,0.0,検索タイムアウト/ネットワーク不調または該当ページ未特定
【静岡県】わんてらす dog & outdoor マルシェ in 島田,,,,,,,,,0.0,検索タイムアウト/ネットワーク不調または該当ページ未特定
【山梨県】第6回 ハッピーわんわん南きよさと,,,,,,,,,0.0,検索タイムアウト/ネットワーク不調または該当ページ未特定
【岐阜県】わんわんフェスタ Vol.4,,,,,,,,,0.0,検索タイムアウト/ネットワーク不調または該当ページ未特定
【滋賀県】第1回 道の駅こうらわんわんフェスタ,,,,,,,,,0.0,検索タイムアウト/ネットワーク不調または該当ページ未特定
【大阪府】わんことマルシェvol.11 in 萩谷総合公園,,,,,,,,,0.0,検索タイムアウト/ネットワーク不調または該当ページ未特定
【兵庫県】川西ドッグランマルシェ,,,,,,,,,0.0,検索タイムアウト/ネットワーク不調または該当ページ未特定
【兵庫県】Dogs&Cats special party in Rokko island,,,,,,,,,0.0,検索タイムアウト/ネットワーク不調または該当ページ未特定
【三重県】だいずんむっしマルシェvol.2,,,,,,,,,0.0,検索タイムアウト/ネットワーク不調または該当ページ未特定
【兵庫県】キャバリア共和国,,,,,,,,,0.0,検索タイムアウト/ネットワーク不調または該当ページ未特定
【大阪府】Log-in LOVE PET FESTA -vol.6-,,,,,,,,,0.0,検索タイムアウト/ネットワーク不調または該当ページ未特定
【奈良県】るらるわんわんフェスin奈良健康ランド,,,,,,,,,0.0,検索タイムアウト/ネットワーク不調または該当ページ未特定
【兵庫県】第4回 wankoPARTY わんこパーティー,,,,,,,,,0.0,検索タイムアウト/ネットワーク不調または該当ページ未特定
【島根県】みずべDog Day in 白潟公園,,,,,,,,,0.0,検索タイムアウト/ネットワーク不調または該当ページ未特定
【岡山県】第３回ツヤマルシェ,,,,,,,,,0.0,検索タイムアウト/ネットワーク不調または該当ページ未特定
【広島県】川西 わんわん☆happy Market,,,,,,,,,0.0,検索タイムアウト/ネットワーク不調または該当ページ未特定
【愛知県】わんこレスキュー！！ わんわんフリーマーケット＆わんわんミニマルシェ in フレスポ春日井,,,,,,,,,0.0,検索タイムアウト/ネットワーク不調または該当ページ未特定
【静岡県】ANIMA LIFE（アニマライフ）,,,,,,,,,0.0,検索タイムアウト/ネットワーク不調または該当ページ未特定
【静岡県】第3回しっぽっちマルシェ,,,,,,,,,0.0,検索タイムアウト/ネットワーク不調または該当ページ未特定
【静岡県】DEKAKERU wankobiyori vol.20（デカケルわんこびより）,,,,,,,,,0.0,検索タイムアウト/ネットワーク不調または該当ページ未特定
【富山県】わんわんプチ縁日,,,,,,,,,0.0,検索タイムアウト/ネットワーク不調または該当ページ未特定
【大阪府】わんことマルシェvol.10 in 安満遺跡公園,,,,,,,,,0.0,検索タイムアウト/ネットワーク不調または該当ページ未特定
【兵庫県】るらるわんわんフェスin阪神尼崎駅前広場,,,,,,,,,0.0,検索タイムアウト/ネットワーク不調または該当ページ未特定
【大阪府】MANAあにまるフェス in セブンパーク天美,,,,,,,,,0.0,検索タイムアウト/ネットワーク不調または該当ページ未特定
【広島県】第8回 wakwakマルシェ in せらワイナリー,,,,,,,,,0.0,検索タイムアウト/ネットワーク不調または該当ページ未特定
【広島県】フレンチブルドッグ祭,,,,,,,,,0.0,検索タイムアウト/ネットワーク不調または該当ページ未特定
【兵庫県】第9回 愛犬マルシェin 神戸ワイナリー ワイン城 ハロウィンパーティー,,,,,,,,,0.0,検索タイムアウト/ネットワーク不調または該当ページ未特定
【茨城県】OCEAN DOG FES in Hitachinaka,,,,,,,,,0.0,検索タイムアウト/ネットワーク不調または該当ページ未特定
【茨城県】第1回 DogFes’ohana （ドッグフェスオハナ）,,,,,,,,,0.0,検索タイムアウト/ネットワーク不調または該当ページ未特定
【東京都】第3回 わんにゃんライフ MARKET＠豊洲公園,,,,,,,,,0.0,検索タイムアウト/ネットワーク不調または該当ページ未特定
【神奈川県】HUG ANIMALS! vol.10,,,,,,,,,0.0,検索タイムアウト/ネットワーク不調または該当ページ未特定
【千葉県】THE DOG FES vol.3 -犬とピクニック-,,,,,,,,,0.0,検索タイムアウト/ネットワーク不調または該当ページ未特定
【埼玉県】いぬのおまつり＠sosopark,,,,,,,,,0.0,検索タイムアウト/ネットワーク不調または該当ページ未特定
【神奈川県】油壺＋wan MARKET,,,,,,,,,0.0,検索タイムアウト/ネットワーク不調または該当ページ未特定
【神奈川県】クリスタルハロウィン,,,,,,,,,0.0,検索タイムアウト/ネットワーク不調または該当ページ未特定
【福島県】SkogFes inいわき,,,,,,,,,0.0,検索タイムアウト/ネットワーク不調または該当ページ未特定
【宮城県】39Macks fes 愛犬感謝祭,,,,,,,,,0.0,検索タイムアウト/ネットワーク不調または該当ページ未特定
【北海道】ライブアップドッグランフェスタ in えこりん村,,,,,,,,,0.0,検索タイムアウト/ネットワーク不調または該当ページ未特定
【福島県】第5弾 うちの仔市場 MINI in Chillax Garden CAMP,,,,,,,,,0.0,検索タイムアウト/ネットワーク不調または該当ページ未特定
【岩手県】第1回 いぬの日,,,,,,,,,0.0,検索タイムアウト/ネットワーク不調または該当ページ未特定
【宮城県】One love Wan life,,,,,,,,,0.0,検索タイムアウト/ネットワーク不調または該当ページ未特定
【北海道】わんにゃんマルシェvol.14,,,,,,,,,0.0,検索タイムアウト/ネットワーク不調または該当ページ未特定
【茨城県】WAN DAY the Shiba,,,,,,,,,0.0,検索タイムアウト/ネットワーク不調または該当ページ未特定
【千葉県】第7回心春日和マルシェbyユアペティア鎌ヶ谷店,,,,,,,,,0.0,検索タイムアウト/ネットワーク不調または該当ページ未特定
【千葉県】HELLOWEEN FESTA INAGE,,,,,,,,,0.0,検索タイムアウト/ネットワーク不調または該当ページ未特定
【千葉県】THE DOG FES vol.3 -犬とピクニック-,,,,,,,,,0.0,検索タイムアウト/ネットワーク不調または該当ページ未特定
【群馬県】Life with Pet～ぐんまペット共生フェス～,2024年9月25日,県庁　県民広場,群馬県ホームページ(食品・生活衛生課),群馬県,,36.389412,139.063492,https://www.pref.gunma.jp/site/houdou/666600.html,0.33,イベント名とページの照合スコアが低い
【千葉県】流山ドッグフェスティバル,,,,,,,,,0.0,検索タイムアウト/ネットワーク不調または該当ページ未特定
【神奈川県】優マーケット＊青空マルシェ in 平塚,,,,,,,,,0.0,検索タイムアウト/ネットワーク不調または該当ページ未特定
【茨城県】DOG&FOOD FASTIVAL,,,,,,,,,0.0,検索タイムアウト/ネットワーク不調または該当ページ未特定
【群馬県】DOG PARTY,,,,,,,,,0.0,検索タイムアウト/ネットワーク不調または該当ページ未特定
【茨城県】dogfes ystävä & piatta marche,,,,,,,,,0.0,検索タイムアウト/ネットワーク不調または該当ページ未特定
【愛知県】SOUL FOOD JAM  vol.27 in CHITA,,,,,,,,,0.0,検索タイムアウト/ネットワーク不調または該当ページ未特定
【福井県】Doggy・Mew Harbor Fest.,,,,,,,,,0.0,検索タイムアウト/ネットワーク不調または該当ページ未特定
【静岡県】第2回 犬とも広場,,,,,,,,,0.0,検索タイムアウト/ネットワーク不調または該当ページ未特定
【滋賀県】びわ湖わんにゃんマルシェ,,,,,,,,,0.0,検索タイムアウト/ネットワーク不調または該当ページ未特定
【奈良県】第10回 Doggies Mart,,,,,,,,,0.0,検索タイムアウト/ネットワーク不調または該当ページ未特定
【三重県】第7回 わんてらすdog&outdoorマルシェ,,,,,,,,,0.0,検索タイムアウト/ネットワーク不調または該当ページ未特定
【広島県】第1回ONGEE FES～わんちゃんと楽しむ秋祭り～,,,,,,,,,0.0,検索タイムアウト/ネットワーク不調または該当ページ未特定
【山口県】& My Dog 3 ドッグマルシェ in 関門シティ,,,,,,,,,0.0,検索タイムアウト/ネットワーク不調または該当ページ未特定
【東京都】Photo Nana Premium in Tokyo,,,,,,,,,0.0,検索タイムアウト/ネットワーク不調または該当ページ未特定
【東京都】ペットにいいものマルシェ,,,,,,,,,0.0,検索タイムアウト/ネットワーク不調または該当ページ未特定
【岐阜県】わんワンダーハロウィンパーティ各務原,,,,,,,,,0.0,検索タイムアウト/ネットワーク不調または該当ページ未特定
【岐阜県】KkK DEKAKERU wankobiyori,,,,,,,,,0.0,検索タイムアウト/ネットワーク不調または該当ページ未特定
【埼玉県】ドッグカーニバルマーケット in PRIMELAND,,,,,,,,,0.0,検索タイムアウト/ネットワーク不調または該当ページ未特定
【広島県】第2回 ワンにゃん祭り in 花の駅せら,,,,,,,,,0.0,検索タイムアウト/ネットワーク不調または該当ページ未特定
【岐阜県】BLOCK47 ドッグマルシェin岐阜 羽島,,,,,,,,,0.0,検索タイムアウト/ネットワーク不調または該当ページ未特定
【大阪府】第7回 みのおわんわんモール,,,,,,,,,0.0,検索タイムアウト/ネットワーク不調または該当ページ未特定
【兵庫県】わんわんマルシェ vol.40,,,,,,,,,0.0,検索タイムアウト/ネットワーク不調または該当ページ未特定
【和歌山県】るらるわんわんフェス,,,,,,,,,0.0,検索タイムアウト/ネットワーク不調または該当ページ未特定
【兵庫県】第3回 MOKOん家ワンマルシェ & 保護犬譲渡会,,,,,,,,,0.0,検索タイムアウト/ネットワーク不調または該当ページ未特定
【兵庫県】KOBE DOG MARATHON,,,,,,,,,0.0,検索タイムアウト/ネットワーク不調または該当ページ未特定
【岡山県】となりのマルシェ その3,,,,,,,,,0.0,検索タイムアウト/ネットワーク不調または該当ページ未特定
【京都府】‘Amo わん FESTA 2nd,,,,,,,,,0.0,検索タイムアウト/ネットワーク不調または該当ページ未特定
【兵庫県】わんニャスフェスティバル in 神戸,,,,,,,,,0.0,検索タイムアウト/ネットワーク不調または該当ページ未特定
【長野県】ゆるっと にくきゅう🐾フェス in 黒姫高原スノーパーク,,,,,,,,,0.0,検索タイムアウト/ネットワーク不調または該当ページ未特定
【岐阜県】動物愛護フェスティバル in ぎふ,,,,,,,,,0.0,検索タイムアウト/ネットワーク不調または該当ページ未特定
【兵庫県】カコガワドッグフェス in 日岡山公園野外ステージ,,,,,,,,,0.0,検索タイムアウト/ネットワーク不調または該当ページ未特定
【兵庫県】第1回 赤穂わんこフェス,,,,,,,,,0.0,検索タイムアウト/ネットワーク不調または該当ページ未特定
【兵庫県】第8回 愛犬マルシェ ナイトマーケットリゾートin明石グラバ,,,,,,,,,0.0,検索タイムアウト/ネットワーク不調または該当ページ未特定
【広島県】サロンマルシェ〜わんにゃふるver.〜,,,,,,,,,0.0,検索タイムアウト/ネットワーク不調または該当ページ未特定
【千葉県】THE DOG FES vol.2 -犬と海と-,,,,,,,,,0.0,検索タイムアウト/ネットワーク不調または該当ページ未特定
【千葉県】ペテモフェス,,,,,,,,,0.0,検索タイムアウト/ネットワーク不調または該当ページ未特定
【愛知県】wandarake fest ! 28 & 29,,,,,,,,,0.0,検索タイムアウト/ネットワーク不調または該当ページ未特定
【滋賀県】わんわんマルシェin三井アウトレットパーク滋賀竜王Vol.7,,,,,,,,,0.0,検索タイムアウト/ネットワーク不調または該当ページ未特定
【大阪府】DOG PARTY in 高槻市安満遺跡公園,,,,,,,,,0.0,検索タイムアウト/ネットワーク不調または該当ページ未特定
【千葉県】第1回 わんこの森フェスティバル,,,,,,,,,0.0,検索タイムアウト/ネットワーク不調または該当ページ未特定
【埼玉県】わんにゃんフェスタ～わたしたちにできること～,,,,,,,,,0.0,検索タイムアウト/ネットワーク不調または該当ページ未特定
【岐阜県】犬祭りテラス,,,,,,,,,0.0,検索タイムアウト/ネットワーク不調または該当ページ未特定
【愛知県】夏が終わんこマルシェ,,,,,,,,,0.0,検索タイムアウト/ネットワーク不調または該当ページ未特定
【栃木県】DOGマルシェ,,,,,,,,,0.0,検索タイムアウト/ネットワーク不調または該当ページ未特定
【愛知県】モリコロパーク DEKAKERU wankobiyori,,,,,,,,,0.0,検索タイムアウト/ネットワーク不調または該当ページ未特定
【茨城県】MITO YEG犬祭り,,,,,,,,,0.0,検索タイムアウト/ネットワーク不調または該当ページ未特定
【新潟県】第10回 しっぽ🐾まるしぇ inとちお withカンフェス,,,,,,,,,0.0,検索タイムアウト/ネットワーク不調または該当ページ未特定
【静岡県】ジャガー・ランドローバー静岡×Wan！ダブルフェスタ！Shizuoka,,,,,,,,,0.0,検索タイムアウト/ネットワーク不調または該当ページ未特定
【富山県】いぬまんま〜手と手をつなぐみんなのマルシェ〜,,,,,,,,,0.0,検索タイムアウト/ネットワーク不調または該当ページ未特定
【愛知県】ホロスホーム秋祭り,,,,,,,,,0.0,検索タイムアウト/ネットワーク不調または該当ページ未特定
【岐阜県】動物愛護センターフェスティバル,,,,,,,,,0.0,検索タイムアウト/ネットワーク不調または該当ページ未特定
【茨城県】第4回 神犬祭,,,,,,,,,0.0,検索タイムアウト/ネットワーク不調または該当ページ未特定
【茨城県】MARKET·͜·SMILE,,,,,,,,,0.0,検索タイムアウト/ネットワーク不調または該当ページ未特定
【茨城県】BRUTTOMARKET in 常総運動公園,,,,,,,,,0.0,検索タイムアウト/ネットワーク不調または該当ページ未特定
【北海道】第2回 BOWWOWFES⁡,,,,,,,,,0.0,検索タイムアウト/ネットワーク不調または該当ページ未特定
【北海道】晩夏のHappy Bazaar ~ハッピーバザール~,,,,,,,,,0.0,検索タイムアウト/ネットワーク不調または該当ページ未特定
【山形県】山形小さなわんこマルシェ＆わんこフリマ秋,,,,,,,,,0.0,検索タイムアウト/ネットワーク不調または該当ページ未特定
【北海道】わんわんマーケットvol.3,,,,,,,,,0.0,検索タイムアウト/ネットワーク不調または該当ページ未特定
【千葉県】ドッグ マルシェ@room船橋,,,,,,,,,0.0,検索タイムアウト/ネットワーク不調または該当ページ未特定
【埼玉県】9th ~ONE’s Market~ ワンズマーケット,,,,,,,,,0.0,検索タイムアウト/ネットワーク不調または該当ページ未特定
【群馬県】アンド ドッグ フェス vol.3,,,,,,,,,0.0,検索タイムアウト/ネットワーク不調または該当ページ未特定
【千葉県】PET FESTA INAGE ペットフェスタ稲毛,,,,,,,,,0.0,検索タイムアウト/ネットワーク不調または該当ページ未特定
【茨城県】第3回 初秋smileマルシェ,,,,,,,,,0.0,検索タイムアウト/ネットワーク不調または該当ページ未特定
【愛知県】第5回 フラリエわんわんマルシェ,,,,,,,,,0.0,検索タイムアウト/ネットワーク不調または該当ページ未特定
【愛知県】tablier marche,,,,,,,,,0.0,検索タイムアウト/ネットワーク不調または該当ページ未特定
【滋賀県】びわ湖わんにゃんマルシェ,,,,,,,,,0.0,検索タイムアウト/ネットワーク不調または該当ページ未特定
【滋賀県】第6回 犬のおさんぽマルシェ,,,,,,,,,0.0,検索タイムアウト/ネットワーク不調または該当ページ未特定
【兵庫県】カリワン秋プチ祭り,,,,,,,,,0.0,検索タイムアウト/ネットワーク不調または該当ページ未特定
【京都府】第4回 chill’s dog festival,,,,,,,,,0.0,検索タイムアウト/ネットワーク不調または該当ページ未特定
【新潟県】DOG DAY ドッグデイ,,,,,,,,,0.0,検索タイムアウト/ネットワーク不調または該当ページ未特定
【富山県】第2回 わんわんパクパクフェスティバル,,,,,,,,,0.0,検索タイムアウト/ネットワーク不調または該当ページ未特定
【静岡県】DEKAKERU wankobiyori,,,,,,,,,0.0,検索タイムアウト/ネットワーク不調または該当ページ未特定
【新潟県】犬とアートな仲間 Dog & Art,,,,,,,,,0.0,検索タイムアウト/ネットワーク不調または該当ページ未特定
【岐阜県】犬祭りテラス,,,,,,,,,0.0,検索タイムアウト/ネットワーク不調または該当ページ未特定
【宮城県】One love Wan life⁡⁡ ワンラブワンライフ,,,,,,,,,0.0,検索タイムアウト/ネットワーク不調または該当ページ未特定
【北海道】わんふぁみ旭川 秋のピクニック in 旭川モンゴル村,,,,,,,,,0.0,検索タイムアウト/ネットワーク不調または該当ページ未特定
【神奈川県】優マーケット 青空マルシェ in 平塚,,,,,,,,,0.0,検索タイムアウト/ネットワーク不調または該当ページ未特定
【愛知県】ぷちっとわんマル vol.4 in la CASA,,,,,,,,,0.0,検索タイムアウト/ネットワーク不調または該当ページ未特定
【兵庫県】神戸ワイナリー 回廊ドッグマルシェ,,,,,,,,,0.0,検索タイムアウト/ネットワーク不調または該当ページ未特定
【三重県】にぎわいの森 DEKAKERU wankobiyori,,,,,,,,,0.0,検索タイムアウト/ネットワーク不調または該当ページ未特定
【大阪府】わんニャス防災・愛護フェスタ in 豊中・茨木,,,,,,,,,0.0,検索タイムアウト/ネットワーク不調または該当ページ未特定
【神奈川県】油壺＋wan マーケット,,,,,,,,,0.0,検索タイムアウト/ネットワーク不調または該当ページ未特定
【岩手県】第4回 ひまわりマルシェ,,,,,,,,,0.0,検索タイムアウト/ネットワーク不調または該当ページ未特定
【茨城県】&HAUS MARCHE 2nd,,,,,,,,,0.0,検索タイムアウト/ネットワーク不調または該当ページ未特定
【愛知県】第1回 みょうこうじわんわんミニマルシェ,,,,,,,,,0.0,検索タイムアウト/ネットワーク不調または該当ページ未特定
【静岡県】ドッグマルシェ富士山,,,,,,,,,0.0,検索タイムアウト/ネットワーク不調または該当ページ未特定
【兵庫県】第7回 愛犬マルシェ ナイトマーケットリゾート,,,,,,,,,0.0,検索タイムアウト/ネットワーク不調または該当ページ未特定
【福岡県】& My Dog 3 inトワイライトマルシェ,,,,,,,,,0.0,検索タイムアウト/ネットワーク不調または該当ページ未特定
【沖縄県】ワンワンナイトカーニバル 奥武山夜市,,,,,,,,,0.0,検索タイムアウト/ネットワーク不調または該当ページ未特定
【大分県】ここわんフェス KOKO ONE FES,,,,,,,,,0.0,検索タイムアウト/ネットワーク不調または該当ページ未特定
【兵庫県】愛犬との暮らしを楽しむ！ドッグマルシェ,,,,,,,,,0.0,検索タイムアウト/ネットワーク不調または該当ページ未特定
【大阪府】わんニャス防災・愛護フェスタ in 豊中・茨木,,,,,,,,,0.0,検索タイムアウト/ネットワーク不調または該当ページ未特定
【岐阜県】KkK DEKAKERU wankobiyori,,,,,,,,,0.0,検索タイムアウト/ネットワーク不調または該当ページ未特定
【石川県】ワン友YOASOBIマルシェ,,,,,,,,,0.0,検索タイムアウト/ネットワーク不調または該当ページ未特定
【神奈川県】パシャパシャドッグラン,,,,,,,,,0.0,検索タイムアウト/ネットワーク不調または該当ページ未特定
【静岡県】Good Time マルシェ+Camp,,,,,,,,,0.0,検索タイムアウト/ネットワーク不調または該当ページ未特定
【福岡県】第４回 いとしま美夜灯まつり,,,,,,,,,0.0,検索タイムアウト/ネットワーク不調または該当ページ未特定
【兵庫県】わんちゃんナイトマーケット,,,,,,,,,0.0,検索タイムアウト/ネットワーク不調または該当ページ未特定
【愛知県】第34回 わんマル夜市朝市,,,,,,,,,0.0,検索タイムアウト/ネットワーク不調または該当ページ未特定
【岐阜県】犬祭りテラス,,,,,,,,,0.0,検索タイムアウト/ネットワーク不調または該当ページ未特定
【千葉県】第9回 WAN LOVE MARKET,,,,,,,,,0.0,検索タイムアウト/ネットワーク不調または該当ページ未特定
【神奈川県】三崎朝市 Special wan day!,,,,,,,,,0.0,検索タイムアウト/ネットワーク不調または該当ページ未特定
【神奈川県】WONDERFUL DAY,,,,,,,,,0.0,検索タイムアウト/ネットワーク不調または該当ページ未特定
【千葉県】WAN BASE NIGHT ワンベースナイト,,,,,,,,,0.0,検索タイムアウト/ネットワーク不調または該当ページ未特定
【北海道】ニャンと！ワンだふる！マルシェvol.3 in北洋大学,,,,,,,,,0.0,検索タイムアウト/ネットワーク不調または該当ページ未特定
【埼玉県】第3回 oneわんマルシェ,,,,,,,,,0.0,検索タイムアウト/ネットワーク不調または該当ページ未特定
【愛知県】犬市場夜市,,,,,,,,,0.0,検索タイムアウト/ネットワーク不調または該当ページ未特定
【静岡県】DEKAKERU wankobiyori vol.18,,,,,,,,,0.0,検索タイムアウト/ネットワーク不調または該当ページ未特定
【広島県】skip dog humming cat,,,,,,,,,0.0,検索タイムアウト/ネットワーク不調または該当ページ未特定
【兵庫県】ねこフェス＋わんマルシェ,,,,,,,,,0.0,検索タイムアウト/ネットワーク不調または該当ページ未特定
【和歌山県】ナイトマーケット in 和歌山 本町公園,,,,,,,,,0.0,検索タイムアウト/ネットワーク不調または該当ページ未特定
【静岡県】第2回 いぬのピクニックマルシェ ナイト,,,,,,,,,0.0,検索タイムアウト/ネットワーク不調または該当ページ未特定
【宮城県】台ヶ森わんわん夏祭り,,,,,,,,,0.0,検索タイムアウト/ネットワーク不調または該当ページ未特定
【千葉県】theGreenの夏祭り,,,,,,,,,0.0,検索タイムアウト/ネットワーク不調または該当ページ未特定
【静岡県】足柄わんわんフェスタ,,,,,,,,,0.0,検索タイムアウト/ネットワーク不調または該当ページ未特定
【埼玉県】one welfare marche,,,,,,,,,0.0,検索タイムアウト/ネットワーク不調または該当ページ未特定
【栃木県】Meet Dogs in Mountain,,,,,,,,,0.0,検索タイムアウト/ネットワーク不調または該当ページ未特定
【熊本県】第2回 WAN . JOY,,,,,,,,,0.0,検索タイムアウト/ネットワーク不調または該当ページ未特定
【福井県】五番夜市 in 五番商店街,,,,,,,,,0.0,検索タイムアウト/ネットワーク不調または該当ページ未特定
【北海道】わんにゃんマルシェvol.13,,,,,,,,,0.0,検索タイムアウト/ネットワーク不調または該当ページ未特定
【千葉県】DOG MARCHE & BEER GARDEN祭 vol.1,,,,,,,,,0.0,検索タイムアウト/ネットワーク不調または該当ページ未特定
【神奈川県】油壺+wan マーケット,,,,,,,,,0.0,検索タイムアウト/ネットワーク不調または該当ページ未特定
【静岡県】第2回しっぽっちマルシェ夏祭り,,,,,,,,,0.0,検索タイムアウト/ネットワーク不調または該当ページ未特定
【神奈川県】パシャパシャドッグラン,,,,,,,,,0.0,検索タイムアウト/ネットワーク不調または該当ページ未特定
【栃木県】High！ハイ！那須ハイ夏祭り,,,,,,,,,0.0,検索タイムアウト/ネットワーク不調または該当ページ未特定
【岐阜県】わんワンダー盆踊り大会,,,,,,,,,0.0,検索タイムアウト/ネットワーク不調または該当ページ未特定
【大阪府】犬猫マナーアップ夜みせin大泉緑地,,,,,,,,,0.0,検索タイムアウト/ネットワーク不調または該当ページ未特定
【兵庫県】神戸ワイナリー 回廊ドッグマルシェ,,,,,,,,,0.0,検索タイムアウト/ネットワーク不調または該当ページ未特定
【岡山県】YUKATA collection,,,,,,,,,0.0,検索タイムアウト/ネットワーク不調または該当ページ未特定
【大阪府】DOG PARTY NIGHT CARNIVAL,,,,,,,,,0.0,検索タイムアウト/ネットワーク不調または該当ページ未特定
【宮城県】七夕まつり,,,,,,,,,0.0,検索タイムアウト/ネットワーク不調または該当ページ未特定
【神奈川県】あつまれ！鼻ぺちゃ パグの日,,,,,,,,,0.0,検索タイムアウト/ネットワーク不調または該当ページ未特定
【岐阜県】KkK DEKAKERU wankobiyori,,,,,,,,,0.0,検索タイムアウト/ネットワーク不調または該当ページ未特定
【北海道】第2回 さっぽろドッグランド夏祭り,,,,,,,,,0.0,検索タイムアウト/ネットワーク不調または該当ページ未特定
【茨城県】第2回 Bonheur de Chien Marche,,,,,,,,,0.0,検索タイムアウト/ネットワーク不調または該当ページ未特定
【神奈川県】DOG & GOLF ドッグ＆ゴルフ,,,,,,,,,0.0,検索タイムアウト/ネットワーク不調または該当ページ未特定
【兵庫県】第6回 愛犬マルシェ  in 明石グラバ,,,,,,,,,0.0,検索タイムアウト/ネットワーク不調または該当ページ未特定
【栃木県】第37回 58ロハスナイトマルシェ,,,,,,,,,0.0,検索タイムアウト/ネットワーク不調または該当ページ未特定
【千葉県】第2回 わんこピクニック,,,,,,,,,0.0,検索タイムアウト/ネットワーク不調または該当ページ未特定
【神奈川県】WODERFUL DAY,,,,,,,,,0.0,検索タイムアウト/ネットワーク不調または該当ページ未特定
【兵庫県】川西ドッグランマルシェ,,,,,,,,,0.0,検索タイムアウト/ネットワーク不調または該当ページ未特定
【大阪府】第1回 わんニャス夏祭り,,,,,,,,,0.0,検索タイムアウト/ネットワーク不調または該当ページ未特定
【岐阜県】犬祭りテラス,,,,,,,,,0.0,検索タイムアウト/ネットワーク不調または該当ページ未特定
【岡山県】あにま～るず YUKATA博,,,,,,,,,0.0,検索タイムアウト/ネットワーク不調または該当ページ未特定
【埼玉県】Lake and Beach ×いぬの夜まつり,,,,,,,,,0.0,検索タイムアウト/ネットワーク不調または該当ページ未特定
【神奈川県】limited marché night,,,,,,,,,0.0,検索タイムアウト/ネットワーク不調または該当ページ未特定
【長野県】ヘブンスそのはら 夏営業オープニング3DAYS【クーポンあり】,,,,,,,,,0.0,検索タイムアウト/ネットワーク不調または該当ページ未特定
【大阪府】犬猫マナーアップ夜みせ in 八幡屋公園,,,,,,,,,0.0,検索タイムアウト/ネットワーク不調または該当ページ未特定
【富山県】保護犬猫譲渡会＆チャリティーマルシェ,,,,,,,,,0.0,検索タイムアウト/ネットワーク不調または該当ページ未特定
【岐阜県】犬祭りテラス,,,,,,,,,0.0,検索タイムアウト/ネットワーク不調または該当ページ未特定
【静岡県】DEKAKERU wankobiyori Vol.16,,,,,,,,,0.0,検索タイムアウト/ネットワーク不調または該当ページ未特定
【愛知県】ハッピーよつばマルシェ,,,,,,,,,0.0,検索タイムアウト/ネットワーク不調または該当ページ未特定
【埼玉県】深谷テラス キャンプ＆シネマ,,,,,,,,,0.0,検索タイムアウト/ネットワーク不調または該当ページ未特定
【茨城県】第2回 納涼smileマルシェ,,,,,,,,,0.0,検索タイムアウト/ネットワーク不調または該当ページ未特定
【東京都】ワンと私のWan To Me,,,,,,,,,0.0,検索タイムアウト/ネットワーク不調または該当ページ未特定
【愛知県】わんころ夏祭りREACH&TIE,,,,,,,,,0.0,検索タイムアウト/ネットワーク不調または該当ページ未特定
【静岡県】足柄わんわんフェスタ,,,,,,,,,0.0,検索タイムアウト/ネットワーク不調または該当ページ未特定
【和歌山県】よるのおさんぽ Dog Night in 本町公園,,,,,,,,,0.0,検索タイムアウト/ネットワーク不調または該当ページ未特定
【大阪府】じゅえるとマルシェ,,,,,,,,,0.0,検索タイムアウト/ネットワーク不調または該当ページ未特定
【神奈川県】わんこ de 夏祭り,,,,,,,,,0.0,検索タイムアウト/ネットワーク不調または該当ページ未特定
【三重県】だいずんむっしマルシェ,,,,,,,,,0.0,検索タイムアウト/ネットワーク不調または該当ページ未特定
【北海道】INUMO HITOMO 2nd イヌモヒトモ,,,,,,,,,0.0,検索タイムアウト/ネットワーク不調または該当ページ未特定
【島根県】集まれ‼︎どうぶつ祭り,,,,,,,,,0.0,検索タイムアウト/ネットワーク不調または該当ページ未特定
【大阪府】DOG PARTY NIGHT CARNIVAL,,,,,,,,,0.0,検索タイムアウト/ネットワーク不調または該当ページ未特定
【熊本県】第2回 WAN . JOY,,,,,,,,,0.0,検索タイムアウト/ネットワーク不調または該当ページ未特定
【愛媛県】B’s GARDEN 犬種別大集合！集まれ！ポメラニアン♪,,,,,,,,,0.0,検索タイムアウト/ネットワーク不調または該当ページ未特定
【栃木県】那須愛犬健康DAY,,,,,,,,,0.0,検索タイムアウト/ネットワーク不調または該当ページ未特定
【岡山県】田舎のわんわんマルシェ,,,,,,,,,0.0,検索タイムアウト/ネットワーク不調または該当ページ未特定
【神奈川県】愛犬と一緒にアフタヌーンティー,,,,,,,,,0.0,検索タイムアウト/ネットワーク不調または該当ページ未特定
【神奈川県】油壺+wan マーケット,,,,,,,,,0.0,検索タイムアウト/ネットワーク不調または該当ページ未特定
【愛媛県】第4回 WANWAN MERCATO,,,,,,,,,0.0,検索タイムアウト/ネットワーク不調または該当ページ未特定
【滋賀県】びわ湖わんにゃんマルシェ,,,,,,,,,0.0,検索タイムアウト/ネットワーク不調または該当ページ未特定
【岐阜県】KkKデカケルわんこびより,,,,,,,,,0.0,検索タイムアウト/ネットワーク不調または該当ページ未特定
【岐阜県】第1回 Night marche ドッグイベント,,,,,,,,,0.0,検索タイムアウト/ネットワーク不調または該当ページ未特定
【静岡県】ドッグマルシェ富士山,,,,,,,,,0.0,検索タイムアウト/ネットワーク不調または該当ページ未特定
【愛知県】わんこレスキュー！！ ファミリーマルシェ in フレスポ春日井,,,,,,,,,0.0,検索タイムアウト/ネットワーク不調または該当ページ未特定
【滋賀県】わんちゃんと楽しめるマルシェ -slowtime market-,,,,,,,,,0.0,検索タイムアウト/ネットワーク不調または該当ページ未特定
【愛媛県】B’s  GARDEN 犬種別大集合！集まれ！トイプードル！,,,,,,,,,0.0,検索タイムアウト/ネットワーク不調または該当ページ未特定
【京都府】SUMMER DOG PARTY,,,,,,,,,0.0,検索タイムアウト/ネットワーク不調または該当ページ未特定
【宮城県】TANABATA-Night marche 七夕ナイト,,,,,,,,,0.0,検索タイムアウト/ネットワーク不調または該当ページ未特定
【北海道】第1回 ドッグフェス DOGFEST,,,,,,,,,0.0,検索タイムアウト/ネットワーク不調または該当ページ未特定
【東京都】沖縄LIVE with 市どす,,,,,,,,,0.0,検索タイムアウト/ネットワーク不調または該当ページ未特定
【千葉県】SUMMER MARCHE INAGE,,,,,,,,,0.0,検索タイムアウト/ネットワーク不調または該当ページ未特定
【千葉県】第7回 心春日和マルシェ Byユアペティア鎌ヶ谷店,,,,,,,,,0.0,検索タイムアウト/ネットワーク不調または該当ページ未特定
【茨城県】ひたちドッグフェスティバル,,,,,,,,,0.0,検索タイムアウト/ネットワーク不調または該当ページ未特定
【滋賀県】ペットフェスタ 三井アウトレットパーク滋賀竜王ベリーガーデン,,,,,,,,,0.0,検索タイムアウト/ネットワーク不調または該当ページ未特定
【新潟県】犬とアートな仲間 in 道の駅 庭園の郷 保内,,,,,,,,,0.0,検索タイムアウト/ネットワーク不調または該当ページ未特定
【北海道】西野盛り上げ隊子供夏祭り With ニャンと！！ワンダふる！！マルシェ,,,,,,,,,0.0,検索タイムアウト/ネットワーク不調または該当ページ未特定
【神奈川県】生麦de日曜マルシェ にゃんわんデーSPECIAL,,,,,,,,,0.0,検索タイムアウト/ネットワーク不調または該当ページ未特定
【神奈川県】WAN Fine Day THE 2nd,,,,,,,,,0.0,検索タイムアウト/ネットワーク不調または該当ページ未特定
【群馬県】〜街の小さな〜 スマイルドッグフェス,,,,,,,,,0.0,検索タイムアウト/ネットワーク不調または該当ページ未特定
【神奈川県】等々力ドッグフェスティバル Todoroki Dog Festival,,,,,,,,,0.0,検索タイムアウト/ネットワーク不調または該当ページ未特定
【神奈川県】アウトドアドッグマルシェ,,,,,,,,,0.0,検索タイムアウト/ネットワーク不調または該当ページ未特定
【愛知県】わんぱく4周年祭 わんぱくマルシェ,,,,,,,,,0.0,検索タイムアウト/ネットワーク不調または該当ページ未特定
【愛知県】犬ハピ わんにゃん譲渡会,,,,,,,,,0.0,検索タイムアウト/ネットワーク不調または該当ページ未特定
【北海道】Holiday WAN Market vol.2,,,,,,,,,0.0,検索タイムアウト/ネットワーク不調または該当ページ未特定
【富山県】わんわんパクパクフェスティバル,,,,,,,,,0.0,検索タイムアウト/ネットワーク不調または該当ページ未特定
【三重県】鈴鹿PA わんこプチマルシェ【代替え開催】,,,,,,,,,0.0,検索タイムアウト/ネットワーク不調または該当ページ未特定
【兵庫県】川西ドッグランマルシェ,,,,,,,,,0.0,検索タイムアウト/ネットワーク不調または該当ページ未特定
【静岡県】足柄わんわんフェスタ,,,,,,,,,0.0,検索タイムアウト/ネットワーク不調または該当ページ未特定
【神奈川県】INUMAG × NOOK 〜Hello Market！〜,,,,,,,,,0.0,検索タイムアウト/ネットワーク不調または該当ページ未特定
【岐阜県】犬祭りテラス,,,,,,,,,0.0,検索タイムアウト/ネットワーク不調または該当ページ未特定
【京都府】第3回 chill’s dog festival,,,,,,,,,0.0,検索タイムアウト/ネットワーク不調または該当ページ未特定
【愛知県】第4回 フラリエわんわんマルシェ,,,,,,,,,0.0,検索タイムアウト/ネットワーク不調または該当ページ未特定
【北海道】FEELD GOOD FES. フィールドグッドフェス 北海道,,,,,,,,,0.0,検索タイムアウト/ネットワーク不調または該当ページ未特定
【神奈川県】愛犬とゲームでチャリティー,,,,,,,,,0.0,検索タイムアウト/ネットワーク不調または該当ページ未特定
【栃木県】Have Fun Base vol.1,,,,,,,,,0.0,検索タイムアウト/ネットワーク不調または該当ページ未特定
【新潟県】sippo marche しっぽまるしぇ vol.9,,,,,,,,,0.0,検索タイムアウト/ネットワーク不調または該当ページ未特定
【兵庫県】ねこフェス＋わんマルシェ,,,,,,,,,0.0,検索タイムアウト/ネットワーク不調または該当ページ未特定
【秋田県】第5回 雪っ子マルシェ,,,,,,,,,0.0,検索タイムアウト/ネットワーク不調または該当ページ未特定
【神奈川県】ホースマルシェIN津久井withわんっ,,,,,,,,,0.0,検索タイムアウト/ネットワーク不調または該当ページ未特定
【東京都】まちなかサンコーストア,,,,,,,,,0.0,検索タイムアウト/ネットワーク不調または該当ページ未特定
【大阪府】ログイン ラブ ペットフェスタ vol.5,,,,,,,,,0.0,検索タイムアウト/ネットワーク不調または該当ページ未特定
【群馬県】わんわんふれあいマルシェ,,,,,,,,,0.0,検索タイムアウト/ネットワーク不調または該当ページ未特定
【青森県】マナーUP見守り活動 & WonWonマルシェ,,,,,,,,,0.0,検索タイムアウト/ネットワーク不調または該当ページ未特定
【北海道】第6回 ベストわん！ライフフェスティバル！！,,,,,,,,,0.0,検索タイムアウト/ネットワーク不調または該当ページ未特定
【大阪県】MANAあにまるフェス in 大枝公園,,,,,,,,,0.0,検索タイムアウト/ネットワーク不調または該当ページ未特定
【茨城県】キャンプフィールドマルシェ,,,,,,,,,0.0,検索タイムアウト/ネットワーク不調または該当ページ未特定
【富山県】わんわんプチ縁日,,,,,,,,,0.0,検索タイムアウト/ネットワーク不調または該当ページ未特定
【茨城県】market smile vol.6,,,,,,,,,0.0,検索タイムアウト/ネットワーク不調または該当ページ未特定
【三重県】鈴鹿PA わんこプチマルシェ,,,,,,,,,0.0,検索タイムアウト/ネットワーク不調または該当ページ未特定
【栃木県】第4回 大好き❤︎わんにゃんマルシェ,,,,,,,,,0.0,検索タイムアウト/ネットワーク不調または該当ページ未特定
【宮城県】One love Wan life,,,,,,,,,0.0,検索タイムアウト/ネットワーク不調または該当ページ未特定
【愛知県】いぬっこ図鑑 in香恋の館,,,,,,,,,0.0,検索タイムアウト/ネットワーク不調または該当ページ未特定
【千葉県】PARK de MARCHE with DOG,,,,,,,,,0.0,検索タイムアウト/ネットワーク不調または該当ページ未特定
【福岡県】第2回 & My Dog ドッグマルシェ in 関門シティ,,,,,,,,,0.0,検索タイムアウト/ネットワーク不調または該当ページ未特定
【岡山県】となりのマルシェ その2,,,,,,,,,0.0,検索タイムアウト/ネットワーク不調または該当ページ未特定
【愛知県】わんだらけ 27,,,,,,,,,0.0,検索タイムアウト/ネットワーク不調または該当ページ未特定
【北海道】第6回 北海道ペットフェスティバル,,,,,,,,,0.0,検索タイムアウト/ネットワーク不調または該当ページ未特定
【神奈川県】The DOG vol.2 @ The PARK,,,,,,,,,0.0,検索タイムアウト/ネットワーク不調または該当ページ未特定
【大阪府】わんニャスフェスティバル in 茨木,,,,,,,,,0.0,検索タイムアウト/ネットワーク不調または該当ページ未特定
【茨城県】第3回 神犬祭,,,,,,,,,0.0,検索タイムアウト/ネットワーク不調または該当ページ未特定
【茨城県】&HAUS @ マルシェ,,,,,,,,,0.0,検索タイムアウト/ネットワーク不調または該当ページ未特定
【大阪府】WAN DOG FESTA in服部緑地,,,,,,,,,0.0,検索タイムアウト/ネットワーク不調または該当ページ未特定
【神奈川県】HUG ANIMALS! × HUG ALOHA! vol.9,,,,,,,,,0.0,検索タイムアウト/ネットワーク不調または該当ページ未特定
【北海道】ワン フェスティバル,,,,,,,,,0.0,検索タイムアウト/ネットワーク不調または該当ページ未特定
【奈良県】ワンぱくマルシェ in 奈良,,,,,,,,,0.0,検索タイムアウト/ネットワーク不調または該当ページ未特定
【三重県】わんこビレッジ in 名阪関ドライブイン,,,,,,,,,0.0,検索タイムアウト/ネットワーク不調または該当ページ未特定
【静岡県】第6回 もっと！DOG！フェス！ モドフェス,,,,,,,,,0.0,検索タイムアウト/ネットワーク不調または該当ページ未特定
【千葉県】第6回 DOGGIEなHARBOR,,,,,,,,,0.0,検索タイムアウト/ネットワーク不調または該当ページ未特定
【広島県】第2回 わんこのお祭り,,,,,,,,,0.0,検索タイムアウト/ネットワーク不調または該当ページ未特定
【兵庫県】わんわんマルシェ vol.39,,,,,,,,,0.0,検索タイムアウト/ネットワーク不調または該当ページ未特定
【静岡県】第7回　川の駅ドッグフェスだら～,,,,,,,,,0.0,検索タイムアウト/ネットワーク不調または該当ページ未特定
【山梨県】YATSUGATAKE Dog Marche vol.3,,,,,,,,,0.0,検索タイムアウト/ネットワーク不調または該当ページ未特定
【埼玉県】mof mof festa,,,,,,,,,0.0,検索タイムアウト/ネットワーク不調または該当ページ未特定
【大分県】第2回 Oita Buhi land,,,,,,,,,0.0,検索タイムアウト/ネットワーク不調または該当ページ未特定
【愛知県】犬ハピ Vol.2,,,,,,,,,0.0,検索タイムアウト/ネットワーク不調または該当ページ未特定
【福島県】第4弾 うちの仔市場,,,,,,,,,0.0,検索タイムアウト/ネットワーク不調または該当ページ未特定
【徳島県】YORU no wan wan no kai 夜のわんわんの会,,,,,,,,,0.0,検索タイムアウト/ネットワーク不調または該当ページ未特定
【奈良県】るらるわんわんフェス in 奈良健康ランド,,,,,,,,,0.0,検索タイムアウト/ネットワーク不調または該当ページ未特定
【宮城県】PET LIFE FEST.23 ペットライフフェス,,,,,,,,,0.0,検索タイムアウト/ネットワーク不調または該当ページ未特定
【東京都】わんてらす dog & マルシェ in昭島,,,,,,,,,0.0,検索タイムアウト/ネットワーク不調または該当ページ未特定
【愛知県】竹島ガーデンピクニック,,,,,,,,,0.0,検索タイムアウト/ネットワーク不調または該当ページ未特定
【広島県】欅 MATSURI 春,,,,,,,,,0.0,検索タイムアウト/ネットワーク不調または該当ページ未特定
【大阪府】わんことマルシェ vol.8,,,,,,,,,0.0,検索タイムアウト/ネットワーク不調または該当ページ未特定
【静岡県】My family ワンコマルシェ スピンオフイベントin駿府城公園,,,,,,,,,0.0,検索タイムアウト/ネットワーク不調または該当ページ未特定
【大阪府】犬猫マナーアップまるしぇ in 八幡屋公園,,,,,,,,,0.0,検索タイムアウト/ネットワーク不調または該当ページ未特定
【大阪府】くまとりワンFesta,,,,,,,,,0.0,検索タイムアウト/ネットワーク不調または該当ページ未特定
【愛知県】第3回 美心身・よつばマルシェ,,,,,,,,,0.0,検索タイムアウト/ネットワーク不調または該当ページ未特定
【兵庫県】第1回 わんわんカーニバル,,,,,,,,,0.0,検索タイムアウト/ネットワーク不調または該当ページ未特定
【石川県】ワン友マルシェ × キッチンカーフェス,,,,,,,,,0.0,検索タイムアウト/ネットワーク不調または該当ページ未特定
【東京都】Animarche アニマルシェ 第2弾,,,,,,,,,0.0,検索タイムアウト/ネットワーク不調または該当ページ未特定
【兵庫県】わんわんマルシェ in KOBEメリケンパーク,,,,,,,,,0.0,検索タイムアウト/ネットワーク不調または該当ページ未特定
【富山県】ワン友マルシェ × キッチンカーフェス,,,,,,,,,0.0,検索タイムアウト/ネットワーク不調または該当ページ未特定
【福岡県】ドガットマルシェ Vol.1,,,,,,,,,0.0,検索タイムアウト/ネットワーク不調または該当ページ未特定
【神奈川県】クリスタル55マルシェ,,,,,,,,,0.0,検索タイムアウト/ネットワーク不調または該当ページ未特定
【岡山県】第6回目 Anima-ls あにま〜るず,,,,,,,,,0.0,検索タイムアウト/ネットワーク不調または該当ページ未特定
【宮崎県】ここぽんDOGフェス,,,,,,,,,0.0,検索タイムアウト/ネットワーク不調または該当ページ未特定
【広島県】LECT DOG GreeTING,,,,,,,,,0.0,検索タイムアウト/ネットワーク不調または該当ページ未特定
【三重県】鈴鹿PA わんこプチマルシェ,,,,,,,,,0.0,検索タイムアウト/ネットワーク不調または該当ページ未特定
【兵庫県】第5回 愛犬マルシェ in 明石グラバ,,,,,,,,,0.0,検索タイムアウト/ネットワーク不調または該当ページ未特定
【群馬県】アンド ドッグ フェス vol.2,,,,,,,,,0.0,検索タイムアウト/ネットワーク不調または該当ページ未特定
【富山県】マナーWANウォークフェス,,,,,,,,,0.0,検索タイムアウト/ネットワーク不調または該当ページ未特定
【東京都】dogdeco WONDERFUL DAY,,,,,,,,,0.0,検索タイムアウト/ネットワーク不調または該当ページ未特定
【三重県】鈴鹿わんこマルシェvol.6,,,,,,,,,0.0,検索タイムアウト/ネットワーク不調または該当ページ未特定
【栃木県】第35回 58ロハスマルシェ 〜DOG & OUTDOOR〜,,,,,,,,,0.0,検索タイムアウト/ネットワーク不調または該当ページ未特定
【大阪府】ログイン ラブ ペットフェスタ vol.4,,,,,,,,,0.0,検索タイムアウト/ネットワーク不調または該当ページ未特定
【静岡県】第10回 富士山わんわんマルシェ,,,,,,,,,0.0,検索タイムアウト/ネットワーク不調または該当ページ未特定
【石川県】ワンまるプチ vol.4,,,,,,,,,0.0,検索タイムアウト/ネットワーク不調または該当ページ未特定
【茨城県】第1回 Bonheur de Chien Marche,,,,,,,,,0.0,検索タイムアウト/ネットワーク不調または該当ページ未特定
【埼玉県】いぬのおまつり＠レイクタウンアウトレット,,,,,,,,,0.0,検索タイムアウト/ネットワーク不調または該当ページ未特定
【熊本県】Happy Family Wan Fes,,,,,,,,,0.0,検索タイムアウト/ネットワーク不調または該当ページ未特定
【奈良県】るらるわんわんフェス in 奈良健康ランド,,,,,,,,,0.0,検索タイムアウト/ネットワーク不調または該当ページ未特定
【神奈川県】第8回みらはらワンマルシェ,,,,,,,,,0.0,検索タイムアウト/ネットワーク不調または該当ページ未特定
【山梨県】第4回 ハッピーわんわん南きよさと,,,,,,,,,0.0,検索タイムアウト/ネットワーク不調または該当ページ未特定
【神奈川県】横須賀 DOG FRIENDLY MARKET,,,,,,,,,0.0,検索タイムアウト/ネットワーク不調または該当ページ未特定
【長崎県】1239マーケット,,,,,,,,,0.0,検索タイムアウト/ネットワーク不調または該当ページ未特定
【埼玉県】ピンピンマルシェ~ 桜降る Wan Day ~,,,,,,,,,0.0,検索タイムアウト/ネットワーク不調または該当ページ未特定
【福岡県】POODLE JAM プードルジャム,,,,,,,,,0.0,検索タイムアウト/ネットワーク不調または該当ページ未特定
【広島県】フレンチブルドッグ祭,,,,,,,,,0.0,検索タイムアウト/ネットワーク不調または該当ページ未特定
【兵庫県】MOKOん家ワンマルシェ,,,,,,,,,0.0,検索タイムアウト/ネットワーク不調または該当ページ未特定
【千葉県】第5回 DOGGIEなHARBOR,,,,,,,,,0.0,検索タイムアウト/ネットワーク不調または該当ページ未特定
【静岡県】第2回 My family ワンコマルシェ,,,,,,,,,0.0,検索タイムアウト/ネットワーク不調または該当ページ未特定
【福岡県】ドッグフェスティバルin門司港 ファイナル,,,,,,,,,0.0,検索タイムアウト/ネットワーク不調または該当ページ未特定
【愛媛県】保護いぬ保護ねこ大譲渡会,,,,,,,,,0.0,検索タイムアウト/ネットワーク不調または該当ページ未特定
【大阪府】第9回 Doggies Mart ドギーズマート,,,,,,,,,0.0,検索タイムアウト/ネットワーク不調または該当ページ未特定
【山梨県】Boston Terrier Festival,,,,,,,,,0.0,検索タイムアウト/ネットワーク不調または該当ページ未特定
【神奈川県】ベイドッグフェスタ,,,,,,,,,0.0,検索タイムアウト/ネットワーク不調または該当ページ未特定
【北海道】第2回 わんふぁみ旭川,,,,,,,,,0.0,検索タイムアウト/ネットワーク不調または該当ページ未特定
【大阪府】わんことマルシェ vol.7,,,,,,,,,0.0,検索タイムアウト/ネットワーク不調または該当ページ未特定
【大阪府】わんにゃんマルシェ@住之江公園 vol.3,,,,,,,,,0.0,検索タイムアウト/ネットワーク不調または該当ページ未特定
【大阪府】あいココ☆ドッグマルシェ,,,,,,,,,0.0,検索タイムアウト/ネットワーク不調または該当ページ未特定
【愛知県】wandarake わんだらけ 26,,,,,,,,,0.0,検索タイムアウト/ネットワーク不調または該当ページ未特定
【千葉県】第1回 文化の森ワンコマルシェ,,,,,,,,,0.0,検索タイムアウト/ネットワーク不調または該当ページ未特定
【岐阜県】わんわんフェスタ Vol.3,,,,,,,,,0.0,検索タイムアウト/ネットワーク不調または該当ページ未特定
【千葉県】WAN LOVE MARKET,,,,,,,,,0.0,検索タイムアウト/ネットワーク不調または該当ページ未特定
【静岡県】第1回 伊豆高原わんわんマルシェ,,,,,,,,,0.0,検索タイムアウト/ネットワーク不調または該当ページ未特定
【千葉県】第16回 ワンOneday,,,,,,,,,0.0,検索タイムアウト/ネットワーク不調または該当ページ未特定
【兵庫県】わんわんマルシェ vol.38,,,,,,,,,0.0,検索タイムアウト/ネットワーク不調または該当ページ未特定
【愛知県】第3回 フラリエわんわんマルシェ,,,,,,,,,0.0,検索タイムアウト/ネットワーク不調または該当ページ未特定
【静岡県】第30回ドッグマルシェ富士山,,,,,,,,,0.0,検索タイムアウト/ネットワーク不調または該当ページ未特定
【埼玉県】ペキニーズミートアップ,,,,,,,,,0.0,検索タイムアウト/ネットワーク不調または該当ページ未特定
【埼玉県】Boo !!BULL Boo !!FESTA,,,,,,,,,0.0,検索タイムアウト/ネットワーク不調または該当ページ未特定
【埼玉県】シュナウザーミートアップ,,,,,,,,,0.0,検索タイムアウト/ネットワーク不調または該当ページ未特定
【兵庫県】第3回わんわんモールKAWANISHI,,,,,,,,,0.0,検索タイムアウト/ネットワーク不調または該当ページ未特定
【愛知県】FUN DOG MARCHE ファンドッグマルシェ,,,,,,,,,0.0,検索タイムアウト/ネットワーク不調または該当ページ未特定
【神奈川県】さがみ湖イルミリオン,,,,,,,,,0.0,検索タイムアウト/ネットワーク不調または該当ページ未特定
【神奈川県】ヨルノヨ,,,,,,,,,0.0,検索タイムアウト/ネットワーク不調または該当ページ未特定
【神奈川県】湘南の宝石,,,,,,,,,0.0,検索タイムアウト/ネットワーク不調または該当ページ未特定
【東京都】お台場イルミネーション “YAKEI”,,,,,,,,,0.0,検索タイムアウト/ネットワーク不調または該当ページ未特定
【静岡県】修繕時　虹の郷,,,,,,,,,0.0,検索タイムアウト/ネットワーク不調または該当ページ未特定
【愛知県】星ヶ丘テラス　ウィンターイルミネーション,2024年11月09日,星が丘テラス,愛知県の観光サイトAichi Now,愛知県,,35.181435,136.906418,https://aichinow.pref.aichi.jp/spots/detail/1856/　愛知の公式観光ガイド,0.5,イベント名とページの照合スコアが低い
【兵庫県】川西ドッグランマルシェ,,,,,,,,,0.0,検索タイムアウト/ネットワーク不調または該当ページ未特定
【兵庫県】神戸イルミナージュ,,,,,,,,,0.0,検索タイムアウト/ネットワーク不調または該当ページ未特定
【愛知県】ラグーナイルミネーション,,,,,,,,,0.0,検索タイムアウト/ネットワーク不調または該当ページ未特定
【北海道】ライブアップドッグランフェスタ in えこりん村,,,,,,,,,0.0,検索タイムアウト/ネットワーク不調または該当ページ未特定
【京都府】第2回 chill’s dog festival,,,,,,,,,0.0,検索タイムアウト/ネットワーク不調または該当ページ未特定
【東京都】TOKYO DOG FESTIVAL 東京ドッグフェスティバル,,,,,,,,,0.0,検索タイムアウト/ネットワーク不調または該当ページ未特定
【香川県】国営讃岐まんのうき公園　ウィンターファンタジー,,,,,,,,,0.0,検索タイムアウト/ネットワーク不調または該当ページ未特定
【広島県】ひろしまドリミーネーション,,,,,,,,,0.0,検索タイムアウト/ネットワーク不調または該当ページ未特定
【神奈川県】ヨコハマミライト,,,,,,,,,0.0,検索タイムアウト/ネットワーク不調または該当ページ未特定
