GMAPM_ID,住所,緯度,経度
GMAPM_A10131,日本、〒515-2623 三重県津市白山町上ノ村２０８０,,
GMAPM_F10001,日本、〒606-8417 京都府京都市左京区浄土寺西田町１１５−４,,
GMAPM_A10132,日本、〒603-8204 京都府京都市北区紫竹高縄町７０−１３,,
GMAPM_A10133,日本、〒606-0866 京都府京都市左京区下鴨東森ケ前町１９ カーサ下鴨,,
GMAPM_C10013,日本、〒603-8134 京都府京都市北区出雲路立テ本町94,,
GMAPM_D10016,日本、〒602-0841 京都府京都市上京区梶井町４４７−５,,
GMAPM_A10134,日本、〒603-8143 京都府京都市北区小山上総町１７,,
GMAPM_A70112,日本、〒606-8085 京都府京都市左京区修学院中林町３２−６８,,
GMAPM_A70113,日本、〒606-0812 京都府京都市左京区下鴨上川原町４４,,
GMAPM_D70043,日本、〒606-0841 京都府京都市左京区下鴨南芝町５１−１ ソレイユ北山 1F,,
GMAPM_D70044,日本、〒606-8307 京都府京都市左京区吉田上阿達町３７−７,,
GMAPM_C70004,日本、〒603-8201 京都府京都市北区紫竹桃ノ本町２１,,
GMAPM_G70006,日本、〒606-0031 京都府京都市左京区岩倉南桑原町１４,,
GMAPM_A20171,日本、〒603-8112 京都府京都市北区小山元町４７−４ 山内ビル 2F,,
GMAPM_A20172,日本、〒603-8175 京都府京都市北区紫野下鳥田町,,
GMAPM_A20173,日本、〒602-0029 京都府京都市上京区室町通上立売上る室町頭町２８０ 上 立売上ル室町頭町280,,
GMAPM_H20002,日本、〒603-8412 京都府京都市北区紫竹下竹殿町２９−３,,
GMAPM_A20174,日本、〒606-0862 京都府京都市左京区下鴨本町７,,
GMAPM_F60001,日本、〒606-8417 京都府京都市左京区浄土寺西田町１１５−４,,
GMAPM_A60065,日本、〒603-8203 京都府京都市北区紫竹東高縄町３９−１,,
GMAPM_H60001,日本、〒603-8412 京都府京都市北区紫竹下竹殿町２９−３,,
GMAPM_C60005,日本、〒603-8133 京都府京都市北区出雲路松ノ下町,,
GMAPM_H40002,日本、〒603-8412 京都府京都市北区紫竹下竹殿町２９−３,,
GMAPM_D40013,日本、〒606-0955 京都府京都市左京区松ケ崎雲路町１２−２,,
GMAPM_D40014,日本、〒603-8054 京都府京都市北区上賀茂桜井町６７,,
GMAPM_A40114,日本、〒603-8821 京都府京都市北区西賀茂柿ノ木町２４,,
GMAPM_A50044,日本、〒606-0862 京都府京都市左京区下鴨本町７,,
GMAPM_A50045,日本、〒603-8203 京都府京都市北区紫竹東高縄町３９−１,,
GMAPM_A50046,日本、〒602-8474 京都府京都市上京区上善寺町１１０,,
GMAPM_D30023,日本、〒606-0955 京都府京都市左京区松ケ崎雲路町１２−２,,
GMAPM_A30086,日本、〒603-8203 京都府京都市北区紫竹東高縄町３９−１,,
GMAPM_A30087,日本、〒603-8425 京都府京都市北区紫竹下緑町７７,,
GMAPM_A10135,日本、〒604-8035 京都府京都市中京区新京極通三条下る桜之町３９８ ＳＭＪ三条共同ビル 2階,,
GMAPM_A10136,日本、〒604-8032 京都府京都市中京区河原町通三条下ル山崎町2丁目２５６ リジョーネビル 4階,,
GMAPM_B10006,日本、〒604-8032 京都府京都市中京区山崎町２５６ リジョーネビル3階,,
GMAPM_D10017,日本、〒604-8426 京都府京都市中京区西ノ京船塚町10番地,,
GMAPM_C10014,日本、〒603-8134 京都府京都市北区出雲路立テ本町94,,
GMAPM_A10137,日本、〒603-8204 京都府京都市北区紫竹高縄町７０−１３,,
GMAPM_A70114,日本、〒606-0812 京都府京都市左京区下鴨上川原町４４,,
GMAPM_A70115,日本、〒603-8326 京都府京都市北区北野下白梅町４４−１ ｃａｓｓｉａ １階,,
GMAPM_D70045,日本、〒606-0841 京都府京都市左京区下鴨南芝町５１−１ ソレイユ北山 1F,,
GMAPM_D70046,日本、〒606-8307 京都府京都市左京区吉田上阿達町３７−７,,
GMAPM_A70116,日本、〒604-8444 京都府京都市中京区西ノ京月輪町２８−３,,
GMAPM_A20175,日本、〒603-8244 京都府京都市北区紫野東蓮台野町１０−１０,,
GMAPM_A20176,日本、〒603-8326 京都府京都市北区北野下白梅町５５−３ 1F,,
GMAPM_A20177,日本、〒602-8073 京都府京都市上京区頭町,,
GMAPM_A20178,日本、〒603-8115 京都府京都市北区紫竹下本町２−１,,
GMAPM_A20179,日本、〒606-0831 京都府京都市左京区下鴨北園町１１−７,,
GMAPM_A20180,日本、〒603-8112 京都府京都市北区小山元町４７−４ 山内ビル 2F,,
GMAPM_A60066,日本、〒604-8404 京都府京都市中京区聚楽廻東町１７−７,,
GMAPM_A60067,日本、〒606-8316 京都府京都市左京区吉田二本松町,,
GMAPM_A60068,日本、〒603-8203 京都府京都市北区紫竹東高縄町３９−１,,
GMAPM_B60004,日本、〒604-8215 京都府京都市中京区蛸薬師通新町西入不動町１８１,,
GMAPM_H60002,日本、〒603-8412 京都府京都市北区紫竹下竹殿町２９−３,,
GMAPM_D40015,日本、〒604-0827 京都府京都市中京区高倉通り二条下る松屋町,,
GMAPM_A40115,日本、〒604-8093 京都府京都市中京区松下町１３０,,
GMAPM_A40116,日本、〒604-8404 京都府京都市中京区聚楽廻東町１７−７,,
GMAPM_H40003,日本、〒603-8412 京都府京都市北区紫竹下竹殿町２９−３,,
GMAPM_A40117,日本、〒603-8244 京都府京都市北区紫野東蓮台野町１０−１０,,
GMAPM_G40008,日本、〒604-0924 京都府京都市中京区一之船入町５３７−３１ リベルタス御池,,
GMAPM_A50047,日本、〒604-8093 京都府京都市中京区松下町１３０,,
GMAPM_A50048,日本、〒606-0862 京都府京都市左京区下鴨本町７,,
GMAPM_A50049,日本、〒603-8203 京都府京都市北区紫竹東高縄町３９−１,,
GMAPM_A50050,日本、〒602-8474 京都府京都市上京区上善寺町１１０,,
GMAPM_A50051,日本、〒606-0816 京都府京都市左京区下鴨松ノ木町32,,
GMAPM_G30002,日本、〒604-0924 京都府京都市中京区一之船入町５３７−３１ リベルタス御池,,
GMAPM_A30088,日本、〒603-8203 京都府京都市北区紫竹東高縄町３９−１,,
GMAPM_D10018,日本、〒600-8266 京都府京都市下京区上之町416番地2 HOTEL SUN CHLORELLA １F,,
GMAPM_A10138,日本、〒604-8853 京都府京都市中京区壬生東淵田町５−１,,
GMAPM_A10139,日本、〒615-8017 京都府京都市西京区桂河田町１５１,,
GMAPM_A10140,日本、〒601-8113 京都府京都市南区上鳥羽南苗代町１８,,
GMAPM_E10019,日本、〒615-0807 京都府京都市右京区西京極東大丸町３４,,
GMAPM_A70117,日本、〒601-8103 京都府京都市南区上鳥羽仏現寺町１１,,
GMAPM_A70118,日本、〒600-8357 京都府京都市下京区柿本町５８２−３,,
GMAPM_A70119,日本、〒615-8121 京都府京都市西京区川島野田町２７−３,,
GMAPM_A70120,日本、〒601-8034 京都府京都市南区東九条南河辺町６４,,
GMAPM_A70121,日本、〒615-8034 京都府京都市西京区下津林東芝ノ宮町２ ロアールハイツ２,,
GMAPM_D70047,日本、〒601-8394 京都府京都市南区吉祥院中河原里北町４９,,
GMAPM_A20181,日本、〒615-0833 京都府京都市右京区西京極橋詰町３６ 2階 店舗B,,
GMAPM_A20182,日本、〒615-8107 京都府京都市西京区川島北裏町69−１８ 1階,,
GMAPM_A20183,日本、〒615-0814 京都府京都市右京区西京極下沢町２１−５,,
GMAPM_A20184,日本、〒601-8452 京都府京都市南区唐橋堂ノ前町３３−５,,
GMAPM_D20014,日本、〒600-8266 京都府京都市下京区上之町416番地2 HOTEL SUN CHLORELLA １F,,
GMAPM_A20185,日本、〒615-0883 京都府京都市右京区西京極南大入町８７,,
GMAPM_A60069,日本、〒601-8113 京都府京都市南区上鳥羽南苗代町１８,,
GMAPM_A60070,日本、〒604-8853 京都府京都市中京区壬生東淵田町５−１,,
GMAPM_A60071,日本、〒615-0833 京都府京都市右京区西京極橋詰町３６ 2階 店舗B,,
GMAPM_D40016,日本、〒600-8266 京都府京都市下京区上之町416番地2 HOTEL SUN CHLORELLA １F,,
GMAPM_A40118,日本、〒604-8841 京都府京都市中京区壬生東土居ノ内町30番２,,
GMAPM_D40017,日本、〒600-8882 京都府京都市下京区西七条比輪田町２８,,
GMAPM_A50052,日本、〒601-8353 京都府京都市南区吉祥院這登中町３ ３番地,,
GMAPM_F50001,日本、〒617-0002 京都府向日市寺戸町瓜生１７−２,,
GMAPM_A50053,日本、〒604-8812 京都府京都市中京区壬生相合町３３−１ 八千代ビル 1F,,
GMAPM_A50054,日本、〒601-8306 京都府京都市南区吉祥院宮ノ西町１１,,
GMAPM_D30024,日本、〒600-8882 京都府京都市下京区西七条比輪田町２８,,
GMAPM_G10028,日本、〒601-1112 京都府京都市左京区鞍馬貴船町５０,,
GMAPM_A10141,日本、〒601-1112 京都府京都市左京区鞍馬貴船町６９,,
GMAPM_A10142,日本、〒612-8052 京都府京都市伏見区瀬戸物町７３８,,
GMAPM_A10143,日本、〒612-8113 京都府京都市伏見区向島中島町８２−３,,
GMAPM_A10144,日本、〒612-8351 京都府京都市伏見区土橋町３３９−６,,
GMAPM_A10145,日本、〒612-8264 京都府京都市伏見区横大路松林３６−１５,,
GMAPM_A10146,日本、〒612-8295 京都府京都市伏見区横大路鍬ノ本１−８,,
GMAPM_A70122,日本、〒612-8207 京都府京都市伏見区横大路三栖山城屋敷町１０８,,
GMAPM_D70048,日本、〒612-8058 京都府京都市伏見区風呂屋町２３３,,
GMAPM_A70123,日本、〒612-8342 京都府京都市伏見区久米町６３５−２,,
GMAPM_A70124,日本、〒612-8495 京都府京都市伏見区久我森の宮町９−３７,,
GMAPM_A70125,日本、〒612-8141 京都府京都市伏見区向島二ノ丸町３８０−３,,
GMAPM_G70007,日本、〒612-0058 京都府京都市伏見区桃山長岡越中南町５７−１,,
GMAPM_A20186,日本、〒611-0041 京都府宇治市槇島町中川原94,,
GMAPM_D20015,日本、〒612-8484 京都府京都市伏見区羽束師鴨川町２１２−６,,
GMAPM_A20187,日本、〒611-0041 京都府宇治市槇島町南落合３４−１０,,
GMAPM_A20188,日本、〒612-8036 京都府京都市伏見区桃山町立売２１−７,,
GMAPM_A20189,日本、〒612-8264 京都府京都市伏見区横大路松林３６−１５,,
GMAPM_A60072,日本、〒612-8264 京都府京都市伏見区横大路松林３６−１５,,
GMAPM_B60005,日本、〒611-0041 京都府宇治市槇島町目川５６−２,,
GMAPM_A60073,日本、〒611-0041 京都府宇治市槇島町中川原94,,
GMAPM_A60074,日本、〒612-0074 京都府京都市伏見区桃山井伊掃部西町２３−５,,
GMAPM_A60075,日本、〒611-0041 京都府宇治市槇島町目川５６−２,,
GMAPM_A40119,日本、〒612-8351 京都府京都市伏見区土橋町３３９−６,,
GMAPM_D40018,日本、〒612-0836 京都府京都市伏見区深草大亀谷安信町４５,,
GMAPM_A30089,日本、〒612-8295 京都府京都市伏見区伏見区横大路鍬ノ本１−１１,,
GMAPM_A30090,日本、〒612-8295 京都府京都市伏見区横大路鍬ノ本１−８,,
GMAPM_A30091,日本、〒611-0042 京都府宇治市小倉町春日森５５−２５,,
GMAPM_A10147,日本、〒550-0003 大阪府大阪市西区京町堀１丁目１０−１９,,
GMAPM_A10148,日本、〒531-0075 大阪府大阪市北区大淀南２丁目９−１７ プラザハイツ 1階,,
GMAPM_D10019,日本、〒534-0023 大阪府大阪市都島区都島南通２丁目４−２０,,
GMAPM_A10149,日本、〒530-0041 大阪府大阪市北区天神橋３丁目９−１２,,
GMAPM_A70126,日本、〒537-0025 大阪府大阪市東成区中道３丁目８−１５,,
GMAPM_A70127,日本、〒534-0021 大阪府大阪市都島区都島本通１丁目１−１８,,
GMAPM_C70005,日本、〒531-0075 大阪府大阪市北区大淀南２丁目９−７,,
GMAPM_A70128,日本、〒540-0005 大阪府大阪市中央区上町Ｃ−１８,,
GMAPM_A70129,日本、〒531-0072 大阪府大阪市北区豊崎５丁目８−１０ Metro Porte中津 2階,,
GMAPM_A20190,日本、〒531-0072 大阪府大阪市北区豊崎５丁目８−１０ 3F,,
GMAPM_D20016,日本、〒550-0005 大阪府大阪市西区西本町１丁目１１−１,,
GMAPM_G20007,日本、〒550-0003 大阪府大阪市西区京町堀２丁目１０−５,,
GMAPM_A20191,日本、〒531-0076 大阪府大阪市北区大淀中４丁目１１−１６ 1F,,
GMAPM_A20192,日本、〒542-0067 大阪府大阪市中央区松屋町９−１,,
GMAPM_A20193,日本、〒550-0003 大阪府大阪市西区京町堀１丁目１７−１０ 川越ビル,,
GMAPM_G60010,日本、〒530-0023 大阪府大阪市北区黒崎町４−１１ 3階,,
GMAPM_G60011,日本、〒530-0042 大阪府大阪市北区天満橋３丁目４−２５,,
GMAPM_A60076,日本、〒530-0042 大阪府大阪市北区天満橋１丁目６−８ ヴィルブーケ天満橋 2階,,
GMAPM_A60077,日本、〒550-0003 大阪府大阪市西区京町堀２丁目１１−１５,,
GMAPM_D60009,日本、〒534-0023 大阪府大阪市都島区都島南通２丁目４−２０,,
GMAPM_E60010,日本、〒530-0047 大阪府大阪市北区西天満１丁目１−１０ 2F,,
GMAPM_A40120,日本、〒530-0041 大阪府大阪市北区天神橋３丁目９−１２,,
GMAPM_D40019,日本、〒550-0013 大阪府大阪市西区新町３丁目２−１８ TMビル,,
GMAPM_A40121,日本、〒542-0067 大阪府大阪市中央区松屋町９−１,,
GMAPM_A40122,日本、〒550-0005 大阪府大阪市西区西本町２丁目２−１１ コーナン 店内,,
GMAPM_B40004,日本、〒531-0074 大阪府大阪市北区本庄東２丁目５−２ Luxe天六 １階,,
GMAPM_A40123,日本、〒534-0021 大阪府大阪市都島区都島本通２丁目２−１０,,
GMAPM_A50055,日本、〒530-0043 大阪府大阪市北区天満２丁目１１−６ クイーンズコート天満 1F,,
GMAPM_A50056,日本、〒550-0003 大阪府大阪市西区京町堀１丁目８−２５ 2F FM Utsubo-Park,,
GMAPM_A50057,日本、〒530-0035 大阪府大阪市北区同心１丁目７−２７ ３F,,
GMAPM_D50005,日本、〒542-0081 大阪府大阪市中央区南船場４丁目１１−２２ YOCビル 2階,,
GMAPM_A50058,日本、〒531-0072 大阪府大阪市北区豊崎５丁目８−１０ 3F,,
GMAPM_F50002,日本、〒541-0048 大阪府大阪市中央区瓦町１丁目５−１１ 瓦町一丁目ビル 地下1階,,
GMAPM_A30092,日本、〒550-0005 大阪府大阪市西区西本町２丁目２−１１ コーナン 店内,,
GMAPM_A30093,日本、〒530-0012 大阪府大阪市北区芝田１丁目１−３ 阪急三番街 南館 Ｂ１Ｆ,,
GMAPM_B30003,日本、〒540-0004 大阪府大阪市中央区玉造１丁目１−３１ ロイヤルホームセンター森ノ宮店内,,
GMAPM_B10007,日本、〒542-0086 大阪府大阪市中央区西心斎橋１丁目８−１１ 4F,,
GMAPM_A10150,日本、〒542-0071 大阪府大阪市中央区道頓堀１丁目東２−東２−１０,,
GMAPM_A10151,日本、〒542-0086 大阪府大阪市中央区西心斎橋２丁目１０−３１ ASUKAアメリカ村ビル 1階,,
GMAPM_A10152,日本、〒550-0003 大阪府大阪市西区京町堀１丁目１０−１９,,
GMAPM_A10153,日本、〒537-0025 大阪府大阪市東成区中道３丁目８−２１ ペピイ・ハッピープレイスTAMATSUKURI 1F,,
GMAPM_E10020,日本、〒556-0021 大阪府大阪市浪速区幸町２丁目２−１ ドエル堀江南 1F,,
GMAPM_A70130,日本、〒537-0025 大阪府大阪市東成区中道３丁目８−１５,,
GMAPM_A70131,日本、〒542-0082 大阪府大阪市中央区島之内１丁目１７−１１ アーバン長堀ビル 1F,,
GMAPM_A70132,日本、〒537-0025 大阪府大阪市東成区中道４丁目１６−２３,,
GMAPM_D70049,日本、〒556-0001 大阪府大阪市浪速区下寺３丁目１−１４ エクレール夕陽ヶ丘 1F,,
GMAPM_A20194,日本、〒550-0014 大阪府大阪市西区北堀江１丁目１６−２６ サニーコーポ山中 1Ｆ,,
GMAPM_A20195,日本、〒542-0067 大阪府大阪市中央区松屋町９−１,,
GMAPM_A20196,日本、〒556-0012 大阪府大阪市浪速区敷津東３丁目７−２,,
GMAPM_A20197,日本、〒544-0011 大阪府大阪市生野区田島２丁目１０−１８,,
GMAPM_A20198,日本、〒550-0014 大阪府大阪市西区北堀江１丁目１４−１５,,
GMAPM_A20199,日本、〒540-0013 大阪府大阪市中央区内久宝寺町４丁目４−３,,
GMAPM_A60078,日本、〒543-0033 大阪府大阪市天王寺区堂ケ芝１丁目１１−３ DSt桃谷ビルディング B1F,,
GMAPM_A60079,日本、〒540-0037 大阪府大阪市中央区内平野町２丁目３−７,,
GMAPM_A60080,日本、〒543-0063 大阪府大阪市天王寺区茶臼山町５−５５,,
GMAPM_D60010,日本、〒530-0005 大阪府大阪市北区中之島１丁目１,,
GMAPM_E60011,日本、〒556-0021 大阪府大阪市浪速区幸町２丁目２−１ ドエル堀江南 1F,,
GMAPM_A40124,日本、〒542-0066 大阪府大阪市中央区瓦屋町２丁目１４−１２,,
GMAPM_E40008,日本、〒537-0022 大阪府大阪市東成区中本１丁目５−３０,,
GMAPM_A40125,日本、〒542-0067 大阪府大阪市中央区松屋町９−１,,
GMAPM_D40020,日本、〒550-0013 大阪府大阪市西区新町３丁目２−１８ TMビル,,
GMAPM_A40126,日本、〒550-0005 大阪府大阪市西区西本町２丁目２−１１ コーナン 店内,,
GMAPM_D40021,日本、〒542-0081 大阪府大阪市中央区南船場４丁目１１−２２ YOCビル 2階,,
GMAPM_F50003,日本、〒543-0002 大阪府大阪市天王寺区上汐４丁目５−３,,
GMAPM_A50059,日本、〒543-0028 大阪府大阪市天王寺区小橋町２−１３ ＩＤＭビル 6階,,
GMAPM_A50060,日本、〒550-0003 大阪府大阪市西区京町堀１丁目８−２５ 2F FM Utsubo-Park,,
GMAPM_A50061,日本、〒550-0014 大阪府大阪市西区北堀江１丁目１７−２１ 清和ビル 1階,,
GMAPM_D50006,日本、〒542-0081 大阪府大阪市中央区南船場４丁目１１−２２ YOCビル 2階,,
GMAPM_A50062,日本、〒537-0025 大阪府大阪市東成区中道３丁目８−２１ 1F ぺピイ・ハッピープレイス 玉造,,
GMAPM_A30094,日本、〒550-0005 大阪府大阪市西区西本町２丁目２−１１ コーナン 店内,,
GMAPM_A30095,日本、〒543-0071 大阪府大阪市天王寺区生玉町１０−２３ ニューシティーアパートメント上町台 1F,,
GMAPM_A30096,日本、〒543-0001 大阪府大阪市天王寺区上本町５丁目７−２５,,
GMAPM_B30004,日本、〒540-0004 大阪府大阪市中央区玉造１丁目１−３１ ロイヤルホームセンター森ノ宮店内,,
GMAPM_A10154,日本、〒542-0071 大阪府大阪市中央区道頓堀１丁目東２−東２−１０,,
GMAPM_B10008,日本、〒544-0013 大阪府大阪市生野区巽中３丁目１４−７,,
GMAPM_A10155,日本、〒537-0024 大阪府大阪市東成区東小橋３丁目１４−２９,,
GMAPM_A10156,日本、〒544-0024 大阪府大阪市生野区生野西２丁目１−３０,,
GMAPM_A10157,日本、〒556-0002 大阪府大阪市浪速区恵美須東１丁目１３−１２ 通天閣ビル 2.3階,,
GMAPM_D70050,日本、〒537-0013 大阪府大阪市東成区大今里南６丁目２−６ 1F,,
GMAPM_A70133,日本、〒543-0052 大阪府大阪市天王寺区大道２丁目６−７ グランデ,,
GMAPM_A70134,日本、〒543-0052 大阪府大阪市天王寺区大道２丁目１１−１２,,
GMAPM_H70005,日本、〒544-0023 大阪府大阪市生野区林寺２丁目１７−１５,,
GMAPM_D70051,日本、〒556-0001 大阪府大阪市浪速区下寺３丁目１−１４ エクレール夕陽ヶ丘 1F,,
GMAPM_A20200,日本、〒546-0003 大阪府大阪市東住吉区今川４丁目８,,
GMAPM_A20201,日本、〒545-0052 大阪府大阪市阿倍野区阿倍野筋３丁目８−１５,,
GMAPM_E20005,日本、〒546-0043 大阪府大阪市東住吉区駒川１丁目８−２０ ハイツＭ・Ｍ １階,,
GMAPM_A20202,日本、〒544-0011 大阪府大阪市生野区田島２丁目１０−１８,,
GMAPM_A20203,日本、〒542-0063 大阪府大阪市中央区東平１丁目４−１０,,
GMAPM_A20204,日本、〒546-0002 大阪府大阪市東住吉区杭全８丁目２−２１ 第１サンレジデンス,,
GMAPM_A60081,日本、〒543-0033 大阪府大阪市天王寺区堂ケ芝１丁目１１−３ DSt桃谷ビルディング B1F,,
GMAPM_A60082,日本、〒543-0063 大阪府大阪市天王寺区茶臼山町５−５５,,
GMAPM_B60006,日本、〒544-0013 大阪府大阪市生野区巽中３丁目１４−７,,
GMAPM_A60083,日本、〒544-0025 大阪府大阪市生野区生野東３丁目１−５４,,
GMAPM_A60084,日本、〒544-0024 大阪府大阪市生野区生野西２丁目１−３０,,
GMAPM_A40127,日本、〒542-0066 大阪府大阪市中央区瓦屋町２丁目１４−１２,,
GMAPM_A40128,日本、〒543-0014 大阪府大阪市天王寺区玉造元町７−５,,
GMAPM_A40129,日本、〒543-0071 大阪府大阪市天王寺区生玉町１０−２３ ニューシティーアパートメント上町台 1F,,
GMAPM_F50004,日本、〒543-0002 大阪府大阪市天王寺区上汐４丁目５−３,,
GMAPM_A50063,日本、〒543-0028 大阪府大阪市天王寺区小橋町２−１３ ＩＤＭビル 6階,,
GMAPM_A50064,日本、〒547-0041 大阪府大阪市平野区平野北１丁目６−２７,,
GMAPM_A50065,日本、〒544-0023 大阪府大阪市生野区林寺５丁目８−１５ 足立マンション 101,,
GMAPM_A50066,日本、〒545-0002 大阪府大阪市阿倍野区天王寺町南１丁目３−１０ コーナン天王寺店 4階エレベーターホール,,
GMAPM_A50067,日本、〒543-0063 大阪府大阪市天王寺区茶臼山町５−５５ ペットパラダイスDX 内,,
GMAPM_A30097,日本、〒543-0071 大阪府大阪市天王寺区生玉町１０−２３ ニューシティーアパートメント上町台 1F,,
GMAPM_A10158,日本、〒564-0063 大阪府吹田市江坂町４丁目２８−１０,,
GMAPM_G10029,日本、〒564-0031 大阪府吹田市元町８−３０,,
GMAPM_A10159,日本、〒564-0051 大阪府吹田市豊津町１６−８ ワタナベビル １階,,
GMAPM_E10021,日本、〒532-0002 大阪府大阪市淀川区東三国１丁目２５−１０,,
GMAPM_E10022,日本、〒564-0063 大阪府吹田市江坂町３丁目２−１０,,
GMAPM_B70009,日本、〒532-0003 大阪府大阪市淀川区宮原１丁目１６−２３,,
GMAPM_A70135,日本、〒532-0002 大阪府大阪市淀川区東三国６丁目１２−６,,
GMAPM_D70052,日本、〒532-0013 大阪府大阪市淀川区木川西４丁目３−１９,,
GMAPM_D70053,日本、〒533-0021 大阪府大阪市東淀川区下新庄６丁目１４−２０,,
GMAPM_D70054,日本、〒564-0045 大阪府吹田市金田町２８−１５,,
GMAPM_A70136,日本、〒533-0031 大阪府大阪市東淀川区西淡路１丁目１６−７ マンション宮原 1F,,
GMAPM_A20205,日本、〒532-0033 大阪府大阪市淀川区新高５丁目１２−５,,
GMAPM_A20206,日本、〒564-0073 大阪府吹田市山手町１丁目７−７,,
GMAPM_A20207,日本、〒561-0858 大阪府豊中市服部西町２丁目４−９,,
GMAPM_C20003,日本、〒532-0002 大阪府大阪市淀川区東三国５丁目８−１６,,
GMAPM_A20208,日本、〒532-0004 大阪府大阪市淀川区西宮原２丁目１−１９ コーナン新大阪センイシティ １ 1F,,
GMAPM_A20209,日本、〒564-0063 大阪府吹田市江坂町３丁目３７−８,,
GMAPM_A60085,日本、〒564-0063 大阪府吹田市江坂町４丁目２８−１０,,
GMAPM_E60012,日本、〒564-0063 大阪府吹田市江坂町１丁目１９−１,,
GMAPM_A40130,日本、〒532-0003 大阪府大阪市淀川区宮原２丁目１−１７ 新大阪第2YSビル １０４,,
GMAPM_A40131,日本、〒532-0004 大阪府大阪市淀川区西宮原２丁目１−１９ コーナン新大阪センイシティ １ 1F,,
GMAPM_A40132,日本、〒532-0033 大阪府大阪市淀川区新高５丁目１２−５,,
GMAPM_A40133,日本、〒564-0073 大阪府吹田市山手町１丁目７−７,,
GMAPM_E50003,日本、〒564-0063 大阪府吹田市江坂町３丁目２−１０,,
GMAPM_A30098,日本、〒532-0004 大阪府大阪市淀川区西宮原２丁目１−１９ コーナン新大阪センイシティ １ 1F,,
GMAPM_A30099,日本、〒532-0006 大阪府大阪市淀川区西三国３丁目９−７,,
GMAPM_A30100,日本、〒561-0832 大阪府豊中市庄内西町５丁目１−２２ イオンタウン豊中庄内 2階,,
GMAPM_A30101,日本、〒561-0853 大阪府豊中市服部南町２丁目１−１８ 1階,,
GMAPM_E30003,日本、〒564-0063 大阪府吹田市江坂町３丁目２−１０,,
GMAPM_A10160,日本、〒546-0042 大阪府大阪市東住吉区西今川４丁目３２−３,,
GMAPM_A10161,日本、〒546-0043 大阪府大阪市東住吉区駒川５丁目４−２１ ＰＥＴＳＨＯＰ,,
GMAPM_A10162,日本、〒544-0023 大阪府大阪市生野区林寺４丁目１１−１４,,
GMAPM_E10023,日本、〒546-0033 大阪府大阪市東住吉区南田辺１丁目１−１５ MKマンション,,
GMAPM_G10030,日本、〒547-0044 大阪府大阪市平野区平野本町５丁目９−９,,
GMAPM_D70055,日本、〒581-0054 大阪府八尾市南亀井町１丁目１−１,,
GMAPM_A70137,日本、〒547-0006 大阪府大阪市平野区加美正覚寺４丁目５−４４,,
GMAPM_C70006,日本、〒547-0003 大阪府大阪市平野区加美南４丁目４−３,,
GMAPM_C70007,日本、〒546-0013 大阪府大阪市東住吉区湯里５丁目１９−１４,,
GMAPM_D70056,日本、〒546-0003 大阪府大阪市東住吉区今川４丁目２２−１７,,
GMAPM_D70057,日本、〒546-0033 大阪府大阪市東住吉区南田辺１丁目９−１９ グランブラン南田辺 １F,,
GMAPM_A20210,日本、〒546-0032 大阪府大阪市東住吉区東田辺３丁目２５−２４,,
GMAPM_A20211,日本、〒546-0003 大阪府大阪市東住吉区今川４丁目８,,
GMAPM_A20212,日本、〒546-0003 大阪府大阪市東住吉区今川７丁目１０−２９,,
GMAPM_E20006,日本、〒546-0041 大阪府大阪市東住吉区桑津２丁目１７−２０,,
GMAPM_A20213,日本、〒547-0004 大阪府大阪市平野区加美鞍作３丁目９−３１,,
GMAPM_A20214,日本、〒547-0002 大阪府大阪市平野区加美東１丁目２−１１,,
GMAPM_A60086,日本、〒546-0024 大阪府大阪市東住吉区公園南矢田３丁目２４−６,,
GMAPM_A60087,日本、〒546-0042 大阪府大阪市東住吉区西今川４丁目３２−３,,
GMAPM_A60088,日本、〒544-0023 大阪府大阪市生野区林寺４丁目１１−１４,,
GMAPM_A40134,日本、〒546-0032 大阪府大阪市東住吉区東田辺３丁目２５−２４,,
GMAPM_A40135,日本、〒547-0024 大阪府大阪市平野区瓜破４丁目２−８,,
GMAPM_A40136,日本、〒547-0006 大阪府大阪市平野区加美正覚寺１丁目５−９,,
GMAPM_A40137,日本、〒546-0024 大阪府大阪市東住吉区公園南矢田３丁目２４−６,,
GMAPM_A50068,日本、〒544-0023 大阪府大阪市生野区林寺５丁目８−１５ 足立マンション 101,,
GMAPM_A50069,日本、〒547-0041 大阪府大阪市平野区平野北１丁目６−２７,,
GMAPM_G50002,日本、〒546-0002 大阪府大阪市東住吉区杭全７丁目２−５,,
GMAPM_A50070,日本、〒546-0024 大阪府大阪市東住吉区公園南矢田３丁目２４−６,,
GMAPM_A30102,日本、〒547-0024 大阪府大阪市平野区瓜破４丁目２−８,,
GMAPM_A30103,日本、〒546-0024 大阪府大阪市東住吉区公園南矢田３丁目２４−６,,
GMAPM_D30025,日本、〒546-0043 大阪府大阪市東住吉区駒川５丁目１０−１１,,
GMAPM_A30104,日本、〒547-0034 大阪府大阪市平野区背戸口１丁目２２−２９,,
GMAPM_A10163,日本、〒651-0085 兵庫県神戸市中央区八幡通４丁目１−１５ 成樹ビル 103,,
GMAPM_A10164,日本、〒650-0012 兵庫県神戸市中央区北長狭通３丁目３−８ 元町運昌ビル 1階,,
GMAPM_A10165,日本、〒651-0084 兵庫県神戸市中央区磯辺通２丁目２−３ 1F,,
GMAPM_A10166,日本、〒650-0003 兵庫県神戸市中央区山本通１丁目７−５ 北野メゾンブランシュ 1F,,
GMAPM_A70138,日本、〒657-0846 兵庫県神戸市灘区岩屋北町１丁目５−２５ ハイツサンライト,,
GMAPM_A70139,日本、〒651-0093 兵庫県神戸市中央区二宮町４丁目２１−３−１０３,,
GMAPM_C70008,日本、〒651-0066 兵庫県神戸市中央区国香通６丁目２−６ サングレイス山手館 1階,,
GMAPM_A70140,日本、〒657-0834 兵庫県神戸市灘区泉通４丁目５−１３,,
GMAPM_A70141,日本、〒651-0078 兵庫県神戸市中央区八雲通３丁目１−１８,,
GMAPM_E70007,日本、〒657-0821 兵庫県神戸市灘区赤坂通２丁目１−３,,
GMAPM_A20215,日本、〒651-0056 兵庫県神戸市中央区熊内町４丁目１４−４ 新神戸ビル 1F,,
GMAPM_A20216,日本、〒651-0085 兵庫県神戸市中央区八幡通４丁目１−６ 上月ビル 1F,,
GMAPM_A20217,日本、〒650-0011 兵庫県神戸市中央区下山手通７丁目１２−１１ 101,,
GMAPM_G20008,日本、〒657-0846 兵庫県神戸市灘区岩屋北町２丁目２−１６ 1F,,
GMAPM_A20218,日本、〒650-0012 兵庫県神戸市中央区北長狭通５丁目８−１２ 神戸テレビビル 1階,,
GMAPM_A20219,日本、〒651-0063 兵庫県神戸市中央区宮本通６丁目１−５ サニーハイツ 1階,,
GMAPM_A60089,日本、〒651-0084 兵庫県神戸市中央区磯辺通２丁目２−３ 1F,,
GMAPM_A60090,日本、〒651-0085 兵庫県神戸市中央区八幡通４丁目１−１５ 成樹ビル 103,,
GMAPM_A60091,日本、〒651-0082 兵庫県神戸市中央区小野浜町２,,
GMAPM_A60092,日本、〒650-0002 兵庫県神戸市中央区北野町４丁目１−１２ 異人館倶楽部パート１,,
GMAPM_G60012,日本、〒650-0007 兵庫県神戸市中央区神戸港地方再度谷再度谷１３,,
GMAPM_G40009,日本、〒650-0007 兵庫県神戸市中央区神戸港地方再度谷再度谷１３,,
GMAPM_A40138,日本、〒650-0012 兵庫県神戸市中央区北長狭通５丁目８−１２ 神戸テレビビル 1階,,
GMAPM_A40139,日本、〒651-0056 兵庫県神戸市中央区熊内町４丁目１４−４ 新神戸ビル 1F,,
GMAPM_A40140,日本、〒650-0003 兵庫県神戸市中央区山本通２丁目５,,
GMAPM_A40141,日本、〒651-0075 兵庫県神戸市中央区北本町通５丁目１−１０,,
GMAPM_A40142,日本、〒651-0055 兵庫県神戸市中央区熊内橋通４丁目２−１７ イーボック ペッツクラブ,,
GMAPM_A50071,日本、〒657-0833 兵庫県神戸市灘区大内通４丁目５−１ 101,,
GMAPM_A50072,日本、〒650-0003 兵庫県神戸市中央区山本通２丁目１４−２０ アンカーハウス B1,,
GMAPM_A50073,日本、〒657-0834 兵庫県神戸市灘区泉通４丁目５−１３,,
GMAPM_A30105,日本、〒651-0093 兵庫県神戸市中央区二宮町４丁目３−１ メゾン三宮,,
GMAPM_A30106,日本、〒650-0003 兵庫県神戸市中央区山本通２丁目１３−５,,
GMAPM_A10167,日本、〒662-0084 兵庫県西宮市樋之池町２−１５,,
GMAPM_A10168,日本、〒662-0005 兵庫県西宮市湯元町４−７,,
GMAPM_A10169,日本、〒662-0074 兵庫県西宮市石刎町４−１,,
GMAPM_E10024,日本、〒662-0005 兵庫県西宮市湯元町３−２３,,
GMAPM_E10025,日本、〒662-0073 兵庫県西宮市松風町８−２１,,
GMAPM_A10170,日本、〒659-0016 兵庫県芦屋市親王塚町１１−３８,,
GMAPM_A70142,日本、〒662-0042 兵庫県西宮市分銅町７−３８,,
GMAPM_A70143,日本、〒662-0978 兵庫県西宮市産所町１−２ 松下ビル,,
GMAPM_A70144,日本、〒662-0978 兵庫県西宮市産所町１２−２６−１０１,,
GMAPM_A70145,"プラウド夙川松下町 1F, ９-36 松下町 西宮市 兵庫県 662-0962 日本",,
GMAPM_C70009,日本、〒662-0054 兵庫県西宮市大谷町４−２６,,
GMAPM_A70146,日本、〒662-0073 兵庫県西宮市松風町３−６,,
GMAPM_A20220,日本、〒662-0035 兵庫県西宮市若松町２−４,,
GMAPM_A20221,日本、〒662-0084 兵庫県西宮市樋之池町１４−７ ハニーマンション 102,,
GMAPM_A20222,日本、〒662-0084 兵庫県西宮市樋之池町８−９,,
GMAPM_A20223,日本、〒662-0084 兵庫県西宮市樋之池町１２−５,,
GMAPM_A20224,日本、〒662-0076 兵庫県西宮市松生町１２−３０ コンフォート苦楽園 1階,,
GMAPM_A60093,日本、〒662-0084 兵庫県西宮市樋之池町２−１５,,
GMAPM_A60094,日本、〒662-0015 兵庫県西宮市甲陽園本庄町８−１７,,
GMAPM_A60095,日本、〒662-0034 兵庫県西宮市西田町６,,
GMAPM_A40143,日本、〒662-0084 兵庫県西宮市樋之池町１４−７ ハニーマンション 102,,
GMAPM_A40144,日本、〒662-0084 兵庫県西宮市樋之池町８−９,,
GMAPM_A40145,日本、〒662-0091 兵庫県西宮市北山町１−９３,,
GMAPM_A40146,日本、〒662-0042 兵庫県西宮市分銅町７−１４,,
GMAPM_A50074,日本、〒662-0015 兵庫県西宮市甲陽園本庄町８−１７,,
GMAPM_A50075,日本、〒662-0034 兵庫県西宮市西田町１−７,,
GMAPM_A30107,日本、〒662-0073 兵庫県西宮市松風町１−２,,
GMAPM_A30108,日本、〒662-0091 兵庫県西宮市北山町１−９３,,
GMAPM_A30109,日本、〒662-0047 兵庫県西宮市寿町２−２３ 寿ハイツ,,
GMAPM_E10026,日本、〒665-0852 兵庫県宝塚市売布１丁目２２−１,,
GMAPM_A10171,日本、〒665-0874 兵庫県宝塚市中筋３丁目２−５,,
GMAPM_C10015,日本、〒665-0852 兵庫県宝塚市売布３丁目１４−１４,,
GMAPM_A10172,日本、〒665-0836 兵庫県宝塚市清荒神１丁目１１−１ 市場内,,
GMAPM_D70058,日本、〒664-0008 兵庫県伊丹市荒牧南３丁目８−４６,,
GMAPM_D70059,日本、〒665-0866 兵庫県宝塚市星の荘１−１６ ファーチェ宝塚,,
GMAPM_C70010,日本、〒665-0874 兵庫県宝塚市中筋３丁目３３−２８,,
GMAPM_A70147,日本、〒665-0883 兵庫県宝塚市山本中３丁目１１−６,,
GMAPM_D70060,日本、〒665-0874 兵庫県宝塚市中筋３丁目２−５,,
GMAPM_A70148,日本、〒665-0874 兵庫県宝塚市中筋４丁目８−１ サンクラッソ中山寺駅前シェヴェール 1階,,
GMAPM_A20225,日本、〒665-0863 兵庫県宝塚市三笠町５−１３,,
GMAPM_A20226,日本、〒665-0833 兵庫県宝塚市鶴の荘３−１０,,
GMAPM_A20227,日本、〒665-0874 兵庫県宝塚市中筋１丁目５−１１,,
GMAPM_A20228,日本、〒669-1112 兵庫県西宮市宝生ケ丘１丁目１４−６,,
GMAPM_A60096,日本、〒665-0874 兵庫県宝塚市中筋３丁目２−５,,
GMAPM_A40147,日本、〒665-0874 兵庫県宝塚市中筋５丁目９−１５,,
GMAPM_A40148,日本、〒665-0863 兵庫県宝塚市三笠町５−１３,,
GMAPM_A40149,日本、〒665-0833 兵庫県宝塚市鶴の荘３−１０,,
GMAPM_C40006,日本、〒665-0874 兵庫県宝塚市中筋３丁目３３−２８,,
GMAPM_A40150,日本、〒665-0002 兵庫県宝塚市月見山１丁目１０−１７,,
GMAPM_A30110,日本、〒665-0002 兵庫県宝塚市月見山１丁目１０−１７,,
GMAPM_E10027,日本、〒669-1513 兵庫県三田市三輪１２８０−１,,
GMAPM_A10173,日本、〒651-1505 兵庫県神戸市北区道場町日下部１０５−３,,
GMAPM_A10174,日本、〒669-1528 兵庫県三田市駅前町３−１０ ルネ三田駅前ハートシティ 103,,
GMAPM_A10175,日本、〒669-1526 兵庫県三田市相生町１３−２３,,
GMAPM_D10020,日本、〒669-1513 兵庫県三田市三輪１丁目１５−３ M'sハウス 1階,,
GMAPM_A70149,日本、〒669-1526 兵庫県三田市相生町２６−４１,,
GMAPM_D70061,日本、〒669-1528 兵庫県三田市駅前町１２−９,,
GMAPM_A20229,日本、〒669-1528 兵庫県三田市駅前町３−１０ ルネ三田駅前ハートシティ 103,,
GMAPM_D20017,日本、〒669-1535 兵庫県三田市南が丘２丁目１−２０,,
GMAPM_A20230,日本、〒669-1526 兵庫県三田市相生町１３−２３,,
GMAPM_D20018,日本、〒669-1528 兵庫県三田市駅前町１２−９,,
GMAPM_A40151,日本、〒669-1528 兵庫県三田市駅前町３−１０ ルネ三田駅前ハートシティ 103,,
GMAPM_D40022,日本、〒669-1528 兵庫県三田市駅前町１２−９,,
GMAPM_D40023,日本、〒669-1535 兵庫県三田市南が丘２丁目１−２０,,
GMAPM_A40152,日本、〒669-1526 兵庫県三田市相生町１３−２３,,
GMAPM_A30111,日本、〒669-1526 兵庫県三田市相生町１３−２３,,
GMAPM_A30112,日本、〒669-1528 兵庫県三田市駅前町３−１０ ルネ三田駅前ハートシティ 103,,
GMAPM_A10176,日本、〒554-0031 大阪府大阪市此花区桜島２丁目１−３３ ユニバーサル・スタジオ・ジャパン,,
GMAPM_A20231,日本、〒554-0051 大阪府大阪市此花区酉島６丁目８−６,,
GMAPM_G60013,日本、〒660-0096 兵庫県尼崎市扇町,,
GMAPM_A60097,日本、〒660-0096 兵庫県尼崎市扇町,,
GMAPM_D60011,日本、〒660-0096 兵庫県尼崎市扇町３３−４,,
GMAPM_A40153,日本、〒554-0051 大阪府大阪市此花区酉島６丁目８−６,,
GMAPM_A30113,日本、〒554-0051 大阪府大阪市此花区酉島６丁目８−６,,
GMAPM_A10177,日本、〒630-8217 奈良県奈良市橋本町３８ ミツハシビル 4F,,
GMAPM_A10178,日本、〒630-8012 奈良県奈良市二条大路南２丁目２−３３,,
GMAPM_A10179,日本、〒631-0823 奈良県奈良市西大寺国見町１丁目７−１０,,
GMAPM_B10009,日本、〒630-8105 奈良県奈良市佐保台１丁目３５７１−２１５,,
GMAPM_A10180,日本、〒630-8224 奈良県奈良市角振町１２ 三条会館 ２階,,
GMAPM_A70150,日本、〒630-8113 奈良県奈良市法蓮町９８６−７２,,
GMAPM_D70062,日本、〒630-8013 奈良県奈良市三条大路２丁目１−７６ プレナコート1階,,
GMAPM_A70151,日本、〒630-8108 奈良県奈良市法蓮佐保山１丁目１−１５,,
GMAPM_D70063,日本、〒630-8342 奈良県奈良市南袋町６−１,,
GMAPM_G70008,日本、〒630-8123 奈良県奈良市三条大宮町３−３６,,
GMAPM_A70152,日本、〒630-8321 奈良県奈良市薬師堂町１,,
GMAPM_A20232,日本、〒630-8301 奈良県奈良市高畑町１０９８ 1KOTOMATIビル 102,,
GMAPM_A20233,日本、〒630-8141 奈良県奈良市南京終町１丁目１２８−１,,
GMAPM_A20234,日本、〒630-8003 奈良県奈良市佐紀町２７８６−１,,
GMAPM_A20235,日本、〒630-8014 奈良県奈良市四条大路５丁目５−１０ プランドール101,,
GMAPM_B60007,日本、〒630-8105 奈良県奈良市佐保台１丁目３５７１−２１５,,
GMAPM_A60098,日本、〒630-8012 奈良県奈良市二条大路南４丁目２−６,,
GMAPM_A60099,日本、〒630-8012 奈良県奈良市二条大路南２丁目２−３３,,
GMAPM_A60100,日本、〒630-8206 奈良県奈良市手貝町５３−１,,
GMAPM_A60101,日本、〒630-8382 奈良県奈良市公納堂町２４−２,,
GMAPM_A40154,日本、〒630-8382 奈良県奈良市公納堂町２４−２,,
GMAPM_A40155,日本、〒630-8206 奈良県奈良市手貝町５３−１,,
GMAPM_A40156,日本、〒630-8141 奈良県奈良市南京終町１丁目１２８−１,,
GMAPM_A50076,日本、〒631-8113 奈良県奈良市法蓮町４１２−１,,
GMAPM_H30002,日本、〒630-8013 奈良県奈良市三条大路２丁目３−２１,,
GMAPM_D30026,日本、〒630-8001 奈良県奈良市法華寺町２０１,,
GMAPM_A10181,日本、〒632-0006 奈良県天理市蔵之庄町７４,,
GMAPM_A10182,日本、〒639-1104 奈良県大和郡山市井戸野町２６７−５,,
GMAPM_A10183,日本、〒632-0006 奈良県天理市蔵之庄町７４,,
GMAPM_C10016,日本、〒632-0006 奈良県天理市蔵之庄町７４ つむぐHOUSE内,,
GMAPM_G10031,日本、〒630-8433 奈良県奈良市柴屋町66−３,,
GMAPM_A10184,日本、〒630-8443 奈良県奈良市南永井町３４４−８,,
GMAPM_A20236,日本、〒639-1101 奈良県大和郡山市下三橋町７４１ イオンモール大和郡山 １階,,
GMAPM_A20237,日本、〒630-8443 奈良県奈良市南永井町３４４−８,,
GMAPM_A20238,日本、〒632-0006 奈良県天理市蔵之庄町７４,,
GMAPM_A60102,日本、〒639-1104 奈良県大和郡山市井戸野町２３,,
GMAPM_A60103,日本、〒639-1104 奈良県大和郡山市井戸野町２６７−５,,
GMAPM_A50077,日本、〒639-1104 奈良県大和郡山市井戸野町５３２,,
GMAPM_A30114,日本、〒639-1101 奈良県大和郡山市下三橋町７４１ イオンモール大和郡山 １階,,
GMAPM_A30115,日本、〒632-0006 奈良県天理市蔵之庄町７４,,
GMAPM_E10028,日本、〒633-0067 奈良県桜井市大福１２０９,,
GMAPM_G10032,日本、〒633-0072 奈良県桜井市箸中４００−１,,
GMAPM_E10029,日本、〒633-0076 奈良県桜井市大泉１１９−１,,
GMAPM_E10030,日本、〒633-0063 奈良県桜井市川合２５６−８,,
GMAPM_G10033,日本、〒633-0073 奈良県桜井市茅原２２２−４,,
GMAPM_G10034,日本、〒633-0001 奈良県桜井市三輪４８,,
GMAPM_E70008,日本、〒633-0061 奈良県桜井市上之庄７２７−３,,
GMAPM_A20239,日本、〒633-0062 奈良県桜井市粟殿１０２８−３,,
GMAPM_E60013,日本、〒633-0067 奈良県桜井市大福１２０９,,
GMAPM_A60104,日本、〒633-0062 奈良県桜井市粟殿１０２８−３,,
GMAPM_A40157,日本、〒633-0062 奈良県桜井市粟殿１０２８−３,,
GMAPM_A30116,日本、〒633-0062 奈良県桜井市粟殿１０２８−３,,
GMAPM_E10031,日本、〒631-0012 奈良県奈良市中山町１７４２−１,,
GMAPM_A10185,日本、〒631-0021 奈良県奈良市鶴舞東町２−２６ サンクレインビル 1F,,
GMAPM_A10186,日本、〒631-0016 奈良県奈良市学園朝日町３−６,,
GMAPM_A10187,日本、〒631-0817 奈良県奈良市西大寺北町３丁目４−２３ グランドセゾン西大寺 105,,
GMAPM_A10188,日本、〒631-0004 奈良県奈良市登美ヶ丘３丁目１２−９,,
GMAPM_A70153,日本、〒631-0021 奈良県奈良市鶴舞東町２−６,,
GMAPM_A70154,日本、〒631-0006 奈良県奈良市西登美ヶ丘３丁目２２−７,,
GMAPM_A70155,日本、〒631-0804 奈良県奈良市神功５丁目２−５,,
GMAPM_A70156,日本、〒631-0011 奈良県奈良市押熊町２２０２−８,,
GMAPM_A70157,日本、〒631-0811 奈良県奈良市秋篠町１１７７−１,,
GMAPM_A70158,日本、〒631-0806 奈良県奈良市朱雀３丁目１−４,,
GMAPM_A20240,日本、〒631-0004 奈良県奈良市登美ヶ丘３丁目１２−９,,
GMAPM_A20241,日本、〒631-0036 奈良県奈良市学園北１丁目１４−８,,
GMAPM_A20242,日本、〒631-0012 奈良県奈良市中山町２００−１８５,,
GMAPM_A20243,日本、〒631-0033 奈良県奈良市あやめ池南２丁目２−２１,,
GMAPM_A20244,日本、〒619-0222 京都府木津川市相楽城西５７−２ グランエスポワール,,
GMAPM_A60105,日本、〒631-0021 奈良県奈良市鶴舞東町２−２６ サンクレインビル 1F,,
GMAPM_A60106,日本、〒619-0222 京都府木津川市相楽城西５７−２ グランエスポワール,,
GMAPM_E60014,日本、〒631-0012 奈良県奈良市中山町１７４２−１,,
GMAPM_A40158,日本、〒631-0036 奈良県奈良市学園北１丁目１４−８,,
GMAPM_A40159,日本、〒631-0004 奈良県奈良市登美ヶ丘３丁目１２−９,,
GMAPM_A40160,日本、〒619-0222 京都府木津川市相楽城西５７−２ グランエスポワール,,
GMAPM_A30117,日本、〒631-0011 奈良県奈良市押熊町１０５１−１ ロイヤルビックス押熊店内,,
GMAPM_A10189,日本、〒633-0032 奈良県桜井市多武峰談山神社前,,
GMAPM_D10021,日本、〒640-8027 和歌山県和歌山市米屋町２ 2番地 ＦＮビル,,
GMAPM_A10190,日本、〒640-8006 和歌山県和歌山市元寺町東ノ丁２ お寺ダイニング観音寺,,
GMAPM_A10191,日本、〒640-8020 和歌山県和歌山市北桶屋町７,,
GMAPM_A10192,日本、〒640-8159 和歌山県和歌山市十一番丁１６,,
GMAPM_A10193,日本、〒640-8111 和歌山県和歌山市新通５丁目６,,
GMAPM_A70159,日本、〒640-8471 和歌山県和歌山市善明寺６−５,,
GMAPM_A70160,日本、〒640-8323 和歌山県和歌山市太田４丁目２−１,,
GMAPM_D70064,日本、〒640-8472 和歌山県和歌山市大谷376番地1,,
GMAPM_D70065,日本、〒640-8412 和歌山県和歌山市狐島３５６−１,,
GMAPM_D70066,日本、〒640-8113 和歌山県和歌山市広瀬通丁２丁目６,,
GMAPM_A70161,日本、〒640-8214 和歌山県和歌山市寄合町９,,
GMAPM_C20004,日本、〒640-8403 和歌山県和歌山市北島５５−２,,
GMAPM_A20245,日本、〒640-8392 和歌山県和歌山市中之島１１９９,,
GMAPM_A20246,日本、〒640-8329 和歌山県和歌山市田中町５丁目５−１６,,
GMAPM_A20247,日本、〒640-8315 和歌山県和歌山市津秦１６７−７,,
GMAPM_E20007,日本、〒640-8472 和歌山県和歌山市大谷5番地,,
GMAPM_A20248,日本、〒640-8045 和歌山県和歌山市卜半町３６,,
GMAPM_A60107,日本、〒640-8319 和歌山県和歌山市手平２丁目１,,
GMAPM_A40161,日本、〒640-8392 和歌山県和歌山市中之島１１９９,,
GMAPM_A50078,日本、〒640-8073 和歌山県和歌山市嘉家作丁３３,,
GMAPM_A50079,日本、〒640-8344 和歌山県和歌山市納定１０４ ホームセンターコーナン内ペットコーナ,,
GMAPM_A50080,日本、〒640-8483 和歌山県和歌山市園部８４９−１２,,
GMAPM_A30118,日本、〒640-8126 和歌山県和歌山市南片原２丁目１,,
GMAPM_A30119,日本、〒640-8344 和歌山県和歌山市納定１０４ ホームセンターコーナン内ペットコーナ,,
GMAPM_A30120,日本、〒640-8024 和歌山県和歌山市元寺町１丁目２２,,
GMAPM_A30121,日本、〒640-8463 和歌山県和歌山市楠見中２０−１,,
GMAPM_A10194,日本、〒640-1121 和歌山県海草郡紀美野町下佐々１０９９−２７,,
GMAPM_A10195,日本、〒640-1131 和歌山県海草郡紀美野町動木１７９５−５,,
GMAPM_A10196,日本、〒640-1162 和歌山県海南市上谷６０３,,
GMAPM_A60108,日本、〒640-1162 和歌山県海南市上谷６０３,,
GMAPM_A60109,日本、〒640-1162 和歌山県海南市上谷,,
GMAPM_A10197,日本、〒680-0822 鳥取県鳥取市今町２丁目１１８−３ OKビル,,
GMAPM_G10035,日本、〒689-0105 鳥取県鳥取市福部町湯山２１６４−８０４,,
GMAPM_G10036,日本、〒680-0015 鳥取県鳥取市上町８７,,
GMAPM_A10198,日本、〒689-0105 鳥取県鳥取市福部町湯山２１６４−８０４,,
GMAPM_A70162,日本、〒680-0006 鳥取県鳥取市丸山町２５９−２,,
GMAPM_A20249,日本、〒680-0036 鳥取県鳥取市川端４丁目２０９,,
GMAPM_A20250,日本、〒680-0822 鳥取県鳥取市今町１丁目１４３ メリーパーク ビル,,
GMAPM_A60110,日本、〒680-0036 鳥取県鳥取市川端４丁目２０９,,
GMAPM_A60111,日本、〒680-0803 鳥取県鳥取市田園町２丁目２０４−５,,
GMAPM_A60112,日本、〒680-0832 鳥取県鳥取市弥生町２２４,,
GMAPM_A60113,日本、〒680-0811 鳥取県鳥取市西品治９９−３ コーポ前田,,
GMAPM_A40162,日本、〒680-0822 鳥取県鳥取市今町１丁目１４３ メリーパーク ビル,,
GMAPM_A40163,日本、〒680-0036 鳥取県鳥取市川端４丁目２０９,,
GMAPM_A30122,日本、〒680-0822 鳥取県鳥取市今町１丁目１４３ メリーパーク ビル,,
GMAPM_A30123,日本、〒680-0036 鳥取県鳥取市川端４丁目２０９,,
GMAPM_E30004,日本、〒680-0034 鳥取県鳥取市元魚町３丁目１２６,,
GMAPM_A30124,日本、〒689-0105 鳥取県鳥取市福部町湯山４１９,,
GMAPM_A10199,日本、〒690-0884 島根県松江市南田町１８５,,
GMAPM_C10017,７１-1 東奥谷町 松江市 島根県 690-0871 日本,,
GMAPM_A10200,日本、〒690-0063 島根県松江市寺町２１０−２,,
GMAPM_D10022,日本、〒690-0001 島根県松江市東朝日町１２３−７ ヨネザワ写真館 2F,,
GMAPM_B10010,日本、〒690-0017 島根県松江市西津田５丁目１７−１７−１５,,
GMAPM_D70067,日本、〒690-0001 島根県松江市東朝日町１５１−４４,,
GMAPM_C70011,日本、〒690-0815 島根県松江市西持田町３６２−６,,
GMAPM_A70163,日本、〒690-0871 島根県松江市東奥谷町３７２−１ メゾン城北,,
GMAPM_D70068,日本、〒690-0823 島根県松江市西川津町４０１４ 1F,,
GMAPM_G20009,日本、〒690-0011 島根県松江市東津田町５６８−１０,,
GMAPM_A20251,日本、〒690-0064 島根県松江市天神町１５ ウィステリア天神 104,,
GMAPM_H20003,日本、〒690-0824 島根県松江市菅田町１３−４,,
GMAPM_A20252,日本、〒690-0825 島根県松江市学園１丁目１４−２２,,
GMAPM_B20003,日本、〒690-0017 島根県松江市西津田５丁目１７−１７−１５,,
GMAPM_A60114,日本、〒690-0884 島根県松江市南田町１８５,,
GMAPM_H60003,日本、〒690-0824 島根県松江市菅田町１３−４,,
GMAPM_A60115,日本、〒690-0049 島根県松江市袖師町１,,
GMAPM_A60116,日本、〒690-0823 島根県松江市西川津町６３７ 1SENA's BLDG,,
GMAPM_G40010,日本、〒690-0011 島根県松江市東津田町５６８−１０,,
GMAPM_A40164,日本、〒690-0883 島根県松江市北田町４１−６,,
GMAPM_A40165,日本、〒690-0056 島根県松江市雑賀町２４８,,
GMAPM_B40005,日本、〒690-0017 島根県松江市西津田５丁目１７−１７−１５,,
GMAPM_H40004,日本、〒690-0824 島根県松江市菅田町１３−４,,
GMAPM_G30003,日本、〒690-0011 島根県松江市東津田町５６８−１０,,
GMAPM_H30003,日本、〒690-0824 島根県松江市菅田町１３−４,,
GMAPM_B30005,日本、〒690-0017 島根県松江市西津田５丁目１７−１７−１５,,
GMAPM_A10201,日本、〒693-0007 島根県出雲市駅北町１ E 棟南,,
GMAPM_H10005,日本、〒693-0001 島根県出雲市今市町８１５,,
GMAPM_A10202,日本、〒693-0001 島根県出雲市今市町７３３,,
GMAPM_G10037,日本、〒693-0051 島根県出雲市小山町１１５,,
GMAPM_A10203,日本、〒693-0021 島根県出雲市塩冶町７７３−３,,
GMAPM_A10204,日本、〒693-0001 島根県出雲市今市町２０８１ センチュリオンホテル＆スパクラシック出雲 1階,,
GMAPM_B70010,日本、〒693-0012 島根県出雲市大津新崎町１丁目２４−１,,
GMAPM_C70012,日本、〒693-0068 島根県出雲市姫原３丁目７−５,,
GMAPM_A70164,日本、〒693-0021 島根県出雲市塩冶町５３３−１,,
GMAPM_A70165,日本、〒693-0021 島根県出雲市塩冶町９５９−２ えきなん動物病院,,
GMAPM_H20004,日本、〒693-0021 島根県出雲市塩冶町１１９２−８,,
GMAPM_A20253,日本、〒693-0024 島根県出雲市塩冶神前４丁目４−１９,,
GMAPM_G20010,日本、〒693-0051 島根県出雲市小山町１１５,,
GMAPM_A40166,日本、〒693-0024 島根県出雲市塩冶神前４丁目４−１９,,
GMAPM_A50081,日本、〒693-0021 島根県出雲市塩冶町５３３−１,,
GMAPM_A30125,日本、〒693-0021 島根県出雲市塩冶町１１９２−８ HOKプラザ塩冶107,,
GMAPM_A30126,日本、〒693-0024 島根県出雲市塩冶神前４丁目４−１９,,
GMAPM_H30004,日本、〒693-0021 島根県出雲市塩冶町１１９２−８,,
GMAPM_A10205,日本、〒703-8248 岡山県岡山市中区さい１５５−９,,
GMAPM_B10011,日本、〒700-0831 岡山県岡山市北区京橋町６−１９−２,,
GMAPM_A10206,日本、〒700-0822 岡山県岡山市北区表町３丁目７−１５ 表町ファミリークリニック 2F,,
GMAPM_A10207,日本、〒700-0822 岡山県岡山市北区表町３丁目２２−３９,,
GMAPM_A10208,日本、〒700-0821 岡山県岡山市北区中山下１丁目５−４１ チサンマンション中山下 １０２号,,
GMAPM_D70069,日本、〒703-8236 岡山県岡山市中区国富８４７,,
GMAPM_D70070,日本、〒700-0021 岡山県岡山市北区国体町３−８ ベッツユービル １階,,
GMAPM_D70071,日本、〒700-0023 岡山県岡山市北区駅前町１丁目５−１１,,
GMAPM_A70166,日本、〒703-8243 岡山県岡山市中区清水１丁目９−１２ 清水マンション,,
GMAPM_A20254,日本、〒700-0826 岡山県岡山市北区磨屋町１−１０７,,
GMAPM_C20005,日本、〒700-0815 岡山県岡山市北区野田屋町２丁目５−４,,
GMAPM_A20255,日本、〒700-0984 岡山県岡山市北区桑田町３−１５,,
GMAPM_A20256,日本、〒703-8256 岡山県岡山市中区浜２丁目９−１８,,
GMAPM_C20006,日本、〒703-8236 岡山県岡山市中区国富１丁目１６−２,,
GMAPM_A20257,日本、〒700-0932 岡山県岡山市北区奥田本町１０−７,,
GMAPM_A60117,日本、〒703-8248 岡山県岡山市中区さい１５５−９,,
GMAPM_C60006,日本、〒703-8236 岡山県岡山市中区国富１丁目１６−２,,
GMAPM_A60118,日本、〒700-0823 岡山県岡山市北区丸の内２丁目３,,
GMAPM_A40167,日本、〒700-0826 岡山県岡山市北区磨屋町１−１０７,,
GMAPM_E40009,日本、〒700-0861 岡山県岡山市北区清輝橋１丁目２−７ ニャン泊ビレッジ,,
GMAPM_G40011,日本、〒700-0911 岡山県岡山市北区大供本町７１３−１,,
GMAPM_C40007,日本、〒703-8236 岡山県岡山市中区国富１丁目１６−２,,
GMAPM_A40168,日本、〒703-8241 岡山県岡山市中区高島新屋敷46ー8,,
GMAPM_A30127,日本、〒703-8256 岡山県岡山市中区浜６１９−２,,
GMAPM_A30128,日本、〒700-0807 岡山県岡山市北区南方５丁目１１−８,,
GMAPM_A30129,日本、〒703-8288 岡山県岡山市中区赤坂本町１２−２７ セリオコート 1F,,
GMAPM_E10032,日本、〒710-0048 岡山県倉敷市福島１５３−１５,,
GMAPM_C10018,日本、〒710-0046 岡山県倉敷市中央２丁目１−１ 2F,,
GMAPM_A10209,日本、〒710-0055 岡山県倉敷市阿知３丁目１−２,,
GMAPM_A10210,日本、〒710-0054 岡山県倉敷市本町５−３１,,
GMAPM_C70013,日本、〒710-0048 岡山県倉敷市福島６９６−６,,
GMAPM_B70011,日本、〒710-0042 岡山県倉敷市二日市２９３−６,,
GMAPM_B70012,日本、〒710-0831 岡山県倉敷市田ノ上１０９５−１,,
GMAPM_C70014,日本、〒710-0016 岡山県倉敷市中庄１０７６−１,,
GMAPM_D70072,日本、〒710-0813 岡山県倉敷市寿町１１−３ 動物病院 腹腔鏡手術 エキゾチック 犬 猫 おすすめ,,
GMAPM_A20258,日本、〒710-0814 岡山県倉敷市石見町６−７,,
GMAPM_D20019,日本、〒710-0826 岡山県倉敷市老松町４丁目８−２０,,
GMAPM_A20259,日本、〒710-0824 岡山県倉敷市白楽町５９３−１ 亀山総合ビル 1階,,
GMAPM_C20007,日本、〒710-0824 岡山県倉敷市白楽町１１３−１１ 暮らしのニュースビル,,
GMAPM_A20260,日本、〒710-0063 岡山県倉敷市日ノ出町１丁目１−１,,
GMAPM_D60012,日本、〒710-0057 岡山県倉敷市昭和２丁目４−１０ プラザ・ドゥ・オデッサ ２F,,
GMAPM_E60015,日本、〒710-0048 岡山県倉敷市福島１５３−１５,,
GMAPM_C60007,日本、〒710-0014 岡山県倉敷市黒崎70−１ サニーサイドテラス 103,,
GMAPM_B60008,日本、〒710-0038 岡山県倉敷市新田３２８１−７,,
GMAPM_A60119,日本、〒710-0038 岡山県倉敷市新田３２８１−７,,
GMAPM_D40024,日本、〒710-0826 岡山県倉敷市老松町４丁目８−２０,,
GMAPM_A40169,日本、〒710-0814 岡山県倉敷市石見町６−７,,
GMAPM_A40170,日本、〒710-0043 岡山県倉敷市羽島６４７−１３,,
GMAPM_C40008,日本、〒710-0824 岡山県倉敷市白楽町１１３−１１ 暮らしのニュースビル,,
GMAPM_A50082,日本、〒710-0043 岡山県倉敷市羽島６４７−１３,,
GMAPM_A50083,日本、〒710-0061 岡山県倉敷市浜ノ茶屋２丁目８−９,,
GMAPM_H30005,日本、〒710-0065 岡山県倉敷市宮前２８７−７６,,
GMAPM_A30130,日本、〒710-0043 岡山県倉敷市羽島２０９−１,,
GMAPM_A10211,日本、〒713-8115 岡山県倉敷市玉島道口１２９１−１,,
GMAPM_E10033,日本、〒713-8121 岡山県倉敷市玉島阿賀崎１丁目２−３９,,
GMAPM_A10212,日本、〒713-8103 岡山県倉敷市玉島乙島６３８９−８,,
GMAPM_D10023,日本、〒713-8102 岡山県倉敷市玉島１丁目８−２４,,
GMAPM_A70167,日本、〒710-0253 岡山県倉敷市新倉敷駅前２丁目８７,,
GMAPM_D70073,日本、〒713-8113 岡山県倉敷市玉島八島１７６０−１,,
GMAPM_A70168,日本、〒713-8103 岡山県倉敷市玉島乙島６１３−１,,
GMAPM_E70009,日本、〒713-8121 岡山県倉敷市玉島阿賀崎１丁目２−３９,,
GMAPM_A70169,日本、〒713-8102 岡山県倉敷市玉島１丁目１０−３,,
GMAPM_E20008,日本、〒713-8121 岡山県倉敷市玉島阿賀崎１丁目２−３９,,
GMAPM_E20009,日本、〒713-8102 岡山県倉敷市玉島１９２３−８,,
GMAPM_A20261,日本、〒713-8103 岡山県倉敷市玉島乙島６３８９−８,,
GMAPM_A20262,日本、〒713-8102 岡山県倉敷市玉島１丁目１０−３,,
GMAPM_A20263,日本、〒710-0252 岡山県倉敷市玉島爪崎１１４２−３,,
GMAPM_E60016,日本、〒713-8121 岡山県倉敷市玉島阿賀崎１丁目２−３９,,
GMAPM_A60120,日本、〒713-8102 岡山県倉敷市玉島１丁目１０−３,,
GMAPM_A40171,日本、〒710-0251 岡山県倉敷市玉島長尾２６９−４,,
GMAPM_E40010,日本、〒713-8121 岡山県倉敷市玉島阿賀崎１丁目２−３９,,
GMAPM_A40172,日本、〒713-8102 岡山県倉敷市玉島１丁目１０−３,,
GMAPM_E40011,日本、〒713-8102 岡山県倉敷市玉島１９２３−８,,
GMAPM_A30131,日本、〒710-0251 岡山県倉敷市玉島長尾２６９−４,,
GMAPM_E30005,日本、〒713-8121 岡山県倉敷市玉島阿賀崎１丁目２−３９,,
GMAPM_A30132,日本、〒713-8102 岡山県倉敷市玉島１丁目１０−３,,
GMAPM_E30006,日本、〒713-8102 岡山県倉敷市玉島１９２３−８,,
GMAPM_A30133,日本、〒710-0252 岡山県倉敷市玉島爪崎１１４２−３,,
GMAPM_E10034,日本、〒701-1133 岡山県岡山市北区富吉２０７４,,
GMAPM_E20010,日本、〒701-1133 岡山県岡山市北区富吉２０７４,,
GMAPM_E60017,日本、〒701-1133 岡山県岡山市北区富吉２０７４,,
GMAPM_E40012,日本、〒701-1133 岡山県岡山市北区富吉２０７４,,
GMAPM_E50004,日本、〒701-1133 岡山県岡山市北区富吉２０７４,,
GMAPM_E30007,日本、〒701-1133 岡山県岡山市北区富吉２０７４,,
GMAPM_B10012,日本、〒761-3110 香川県香川郡直島町宮ノ浦２２９１−５,,
GMAPM_A10213,日本、〒761-3110 香川県香川郡直島町宮浦２３１０−３１,,
GMAPM_A10214,日本、〒761-3110 香川県香川郡直島町３７１８−５６,,
GMAPM_B40006,日本、〒761-3110 香川県香川郡直島町宮ノ浦３７５６−４,,
GMAPM_D10024,日本、〒730-0031 広島県広島市中区紙屋町１丁目５−１１ Dolce101,,
GMAPM_A10215,日本、〒730-0023 広島県広島市中区弥生町３−９,,
GMAPM_A10216,日本、〒730-0043 広島県広島市中区富士見町１４−１２ 第二中田ビル 1F,,
GMAPM_D10025,日本、〒730-0011 広島県広島市中区基町５−２５ SHIMINT HIROSHIMA A 棟2F,,
GMAPM_A10217,日本、〒734-0007 広島県広島市南区皆実町２丁目８−１７ ゆめタウン広島店 １階,,
GMAPM_A70170,日本、〒732-0052 広島県広島市東区光町２丁目９−３８,,
GMAPM_D70074,日本、〒733-0034 広島県広島市西区南観音町１７−２,,
GMAPM_A70171,日本、〒730-0822 広島県広島市中区吉島東２丁目１８−１１,,
GMAPM_D70075,日本、〒732-0814 広島県広島市南区段原南２丁目１−１５,,
GMAPM_A70172,日本、〒732-0817 広島県広島市南区比治山町４−１３ パラッシオ比治山,,
GMAPM_D70076,日本、〒732-0054 広島県広島市東区愛宕町３−２７ 愛宕ビル,,
GMAPM_A20264,日本、〒730-0042 広島県広島市中区国泰寺町１丁目９−９ 4LUXES国泰寺,,
GMAPM_A20265,日本、〒733-0033 広島県広島市西区観音本町２丁目１−３９,,
GMAPM_G20011,日本、〒734-0045 広島県広島市南区西本浦町３−３８ 矢野建設ビル 1F,,
GMAPM_A20266,日本、〒730-0011 広島県広島市中区基町５−２５,,
GMAPM_A20267,日本、〒733-0022 広島県広島市西区天満町１９−９,,
GMAPM_G60014,日本、〒730-0053 広島県広島市中区東千田町１丁目１,,
GMAPM_A60121,日本、〒732-0066 広島県広島市東区牛田本町２丁目５−１５,,
GMAPM_A60122,日本、〒733-0803 広島県広島市西区竜王町,,
GMAPM_A40173,日本、〒730-0023 広島県広島市中区弥生町３−９,,
GMAPM_A40174,日本、〒732-0803 広島県広島市南区南蟹屋２丁目８−１０,,
GMAPM_D40025,日本、〒730-0852 広島県広島市中区猫屋町４−４ ２F,,
GMAPM_A40175,日本、〒730-0052 広島県広島市中区千田町１丁目１４−14番3号,,
GMAPM_H40005,日本、〒733-0032 広島県広島市西区東観音町２６−６,,
GMAPM_A50084,日本、〒733-0021 広島県広島市西区上天満町１０,,
GMAPM_A50085,日本、〒730-0847 広島県広島市中区舟入南４丁目１−７ リバーフロントニシヒロ,,
GMAPM_A50086,日本、〒732-0803 広島県広島市南区南蟹屋２丁目８−１０,,
GMAPM_H50001,日本、〒733-0032 広島県広島市西区東観音町２６−６,,
GMAPM_A30134,日本、〒730-0023 広島県広島市中区弥生町３−９,,
GMAPM_A30135,日本、〒730-0011 広島県広島市中区基町６−２７ そごう広島店 本館9F,,
GMAPM_A10218,日本、〒737-2313 広島県江田島市沖美町是長１７５１−３,,
GMAPM_G10038,日本、〒737-2313 広島県江田島市沖美町是長 字四郎五郎1782-11 夢来来,,
GMAPM_A10219,日本、〒737-0012 広島県呉市警固屋４丁目２３−１ 浜中ビル,,
GMAPM_A10220,日本、〒731-0154 広島県広島市安佐南区上安２丁目３４−１１,,
GMAPM_B10013,日本、〒731-3164 広島県広島市安佐南区伴東４丁目１４−１４ 8T&Oビル 1F,,
GMAPM_H70006,日本、〒731-0143 広島県広島市安佐南区長楽寺２丁目１７−５,,
GMAPM_A70173,日本、〒731-0154 広島県広島市安佐南区上安２丁目２８−３,,
GMAPM_A70174,日本、〒731-3165 広島県広島市安佐南区伴中央１丁目４−１４,,
GMAPM_A70175,日本、〒731-0141 広島県広島市安佐南区相田１丁目９−１９,,
GMAPM_A20268,日本、〒731-3164 広島県広島市安佐南区伴東７丁目２−２６ 3-2F,,
GMAPM_B20004,日本、〒731-0154 広島県広島市安佐南区上安２丁目１１−１２,,
GMAPM_A20269,日本、〒731-3163 広島県広島市安佐南区伴北７丁目３６−１３,,
GMAPM_A20270,日本、〒731-0143 広島県広島市安佐南区長楽寺１丁目２５−３ わんわん,,
GMAPM_A20271,日本、〒731-0142 広島県広島市安佐南区高取南２丁目２５−２４,,
GMAPM_B40007,日本、〒731-3164 広島県広島市安佐南区伴東４丁目１４−１４ 8T&Oビル 1F,,
GMAPM_A40176,日本、〒731-0143 広島県広島市安佐南区長楽寺１丁目２５−３ わんわん,,
GMAPM_A40177,日本、〒731-0153 広島県広島市安佐南区安東２丁目４−１０,,
GMAPM_B40008,日本、〒731-0154 広島県広島市安佐南区上安２丁目１１−１２,,
GMAPM_B30006,日本、〒731-3164 広島県広島市安佐南区伴東４丁目１４−１４ 8T&Oビル 1F,,
GMAPM_A30136,日本、〒731-0143 広島県広島市安佐南区長楽寺１丁目２５−３ わんわん,,
GMAPM_A30137,日本、〒731-3362 広島県広島市安佐北区安佐町久地１６１６−１,,
GMAPM_A30138,日本、〒731-0143 広島県広島市安佐南区長楽寺２丁目１７−２８ 笹本マンション,,
GMAPM_A10221,日本、〒737-0137 広島県呉市広小坪２丁目３−３,,
GMAPM_A30139,日本、〒737-0137 広島県呉市広小坪２丁目３−３,,
GMAPM_A10222,日本、〒753-0087 山口県山口市米屋町１−１０,,
GMAPM_A10223,日本、〒753-0047 山口県山口市道場門前１丁目３−１１,,
GMAPM_A70176,日本、〒753-0079 山口県山口市糸米２丁目１−１,,
GMAPM_A70177,日本、〒753-0034 山口県山口市下竪小路２７０−１,,
GMAPM_A20272,日本、〒753-0087 山口県山口市米屋町２−１ ウッズビル １F,,
GMAPM_A20273,日本、〒753-0041 山口県山口市東山１丁目１−５,,
GMAPM_A60123,日本、〒753-0087 山口県山口市米屋町１−１０,,
GMAPM_H10006,日本、〒747-1232 山口県防府市台道１４７２−４,,
GMAPM_H60004,日本、〒747-1232 山口県防府市台道１４７２−４,,
GMAPM_A40178,日本、〒747-0836 山口県防府市植松２１４０,,
GMAPM_A30140,日本、〒747-0836 山口県防府市植松２１４０,,
GMAPM_E10035,日本、〒770-0901 徳島県徳島市西船場町１丁目１０,,
GMAPM_C10019,日本、〒770-0874 徳島県徳島市南沖洲３丁目９−３５ セグラ南沖洲,,
GMAPM_A10224,日本、〒770-0872 徳島県徳島市北沖洲１丁目１−４８,,
GMAPM_A10225,日本、〒770-0868 徳島県徳島市福島２丁目２−１０,,
GMAPM_A70178,日本、〒770-0866 徳島県徳島市末広２丁目１−２７,,
GMAPM_A70179,日本、〒770-0816 徳島県徳島市助任本町２丁目１２,,
GMAPM_D70077,日本、〒770-0861 徳島県徳島市住吉５丁目８−２５,,
GMAPM_D70078,日本、〒770-8054 徳島県徳島市山城西２丁目８１−２,,
GMAPM_D70079,日本、〒770-0874 徳島県徳島市南沖洲２丁目８−２６,,
GMAPM_A70180,日本、〒770-0011 徳島県徳島市北佐古一番町４−１７,,
GMAPM_A20274,日本、〒770-8007 徳島県徳島市新浜本町３丁目６−３５−９,,
GMAPM_A20275,日本、〒770-8007 徳島県徳島市新浜本町４丁目３−１１,,
GMAPM_A20276,日本、〒770-0808 徳島県徳島市南前川町３丁目18,,
GMAPM_A20277,日本、〒770-0944 徳島県徳島市南昭和町７丁目７９−１３,,
GMAPM_A20278,日本、〒770-0813 徳島県徳島市中常三島町２丁目１９−１,,
GMAPM_A60124,日本、〒770-0944 徳島県徳島市南昭和町７丁目７９−１３,,
GMAPM_A60125,日本、〒770-8007 徳島県徳島市新浜本町４丁目３−１１,,
GMAPM_A40179,日本、〒770-8081 徳島県徳島市八万町弐丈４９−１５,,
GMAPM_A40180,日本、〒770-8007 徳島県徳島市新浜本町３丁目６−３５−９,,
GMAPM_G40012,日本、〒770-0862 徳島県徳島市城東町２丁目２−３,,
GMAPM_A50087,日本、〒770-0861 徳島県徳島市住吉３丁目６−５３,,
GMAPM_D50007,日本、〒770-0941 徳島県徳島市万代町５丁目75−６ BANDAI WARE HOUSE B,,
GMAPM_A50088,日本、〒770-8081 徳島県徳島市八万町弐丈４９−１５,,
GMAPM_C30001,日本、〒770-0874 徳島県徳島市南沖洲３丁目９−３５ セグラ南沖洲,,
GMAPM_A30141,日本、〒770-0865 徳島県徳島市南末広町４−１ イオンモール徳島 4F ペテモ内,,
GMAPM_D30027,日本、〒770-0942 徳島県徳島市昭和町７丁目２１ コーポ幸１Ｆ,,
GMAPM_A30142,日本、〒770-0865 徳島県徳島市南末広町2丁目８−１８,,
GMAPM_A10226,日本、〒773-0014 徳島県小松島市江田町敷地前５４−１２,,
GMAPM_A10227,日本、〒773-0001 徳島県小松島市小松島町領田２０,,
GMAPM_A70181,日本、〒770-8023 徳島県徳島市勝占町原３2−１,,
GMAPM_D70080,日本、〒770-8012 徳島県徳島市大原町千代ケ丸２４−１,,
GMAPM_E70010,日本、〒773-0003 徳島県小松島市松島町１３−７,,
GMAPM_A70182,日本、〒770-8022 徳島県徳島市大松町榎原外７７−５,,
GMAPM_C20008,日本、〒773-0001 徳島県小松島市小松島町新港３５−１１,,
GMAPM_G30004,日本、〒773-0007 徳島県小松島市金磯町１４−１４,,
GMAPM_A10228,日本、〒761-8063 香川県高松市花ノ宮町１丁目１２−４１,,
GMAPM_A10229,日本、〒760-0028 香川県高松市鍛冶屋町１−１７,,
GMAPM_H10007,日本、〒760-0062 香川県高松市塩上町３丁目１−１２,,
GMAPM_D10026,日本、〒760-0040 香川県高松市片原町１−３６ 2F,,
GMAPM_C70015,日本、〒760-0032 香川県高松市本町１１−７,,
GMAPM_B70013,日本、〒760-0066 香川県高松市福岡町３丁目６−6番24号,,
GMAPM_A70183,日本、〒760-0006 香川県高松市亀岡町４−１３,,
GMAPM_A70184,日本、〒760-0077 香川県高松市上福岡町８３８ 838番地,,
GMAPM_A20279,日本、〒760-0071 香川県高松市藤塚町２丁目６−４ 2階,,
GMAPM_A20280,日本、〒760-0071 香川県高松市藤塚町１丁目８−２６,,
GMAPM_A20281,日本、〒760-0068 香川県高松市松島町２丁目５−５,,
GMAPM_A20282,日本、〒760-0063 香川県高松市多賀町１丁目１１−７ アディール多賀,,
GMAPM_A20283,日本、〒760-0077 香川県高松市上福岡町２００５−２６,,
GMAPM_A60126,日本、〒760-0062 香川県高松市塩上町３丁目９−９,,
GMAPM_H60005,日本、〒760-0062 香川県高松市塩上町３丁目１−１２,,
GMAPM_A60127,日本、〒760-0077 香川県高松市上福岡町２００５−２６,,
GMAPM_A60128,日本、〒760-0063 香川県高松市多賀町１丁目１１−７ アディール多賀,,
GMAPM_A40181,日本、〒760-0071 香川県高松市藤塚町１丁目８−２６,,
GMAPM_A40182,日本、〒760-0068 香川県高松市松島町２丁目５−５,,
GMAPM_A50089,日本、〒760-0005 香川県高松市宮脇町１丁目３１−１５ ＴＮＰビル 東側２階,,
GMAPM_A30143,日本、〒760-0054 香川県高松市常磐町２丁目１１−１ カンフォートビル 2F,,
GMAPM_D30028,日本、〒760-0077 香川県高松市上福岡町７１７−２,,
GMAPM_A30144,日本、〒760-0077 香川県高松市上福岡町８３８ 838番地,,
GMAPM_A10230,日本、〒761-8041 香川県高松市檀紙町１６２９−２,,
GMAPM_A10231,日本、〒761-1701 香川県高松市香川町大野２３８１−７,,
GMAPM_A10232,日本、〒761-8043 香川県高松市中間町５１７−４,,
GMAPM_C10020,日本、〒761-8081 香川県高松市成合町１４２４−１,,
GMAPM_A10233,日本、〒761-8085 香川県高松市寺井町１１０６−３,,
GMAPM_D70081,日本、〒761-8042 香川県高松市御厩町４７４−２,,
GMAPM_A70185,日本、〒761-8042 香川県高松市御厩町４１８−１,,
GMAPM_E70011,日本、〒761-8085 香川県高松市寺井町１１０６−４,,
GMAPM_A20284,日本、〒761-8085 香川県高松市寺井町１１０６−３,,
GMAPM_A20285,日本、〒761-8085 香川県高松市寺井町１１０６−３,,
GMAPM_A20286,日本、〒761-8045 香川県高松市西山崎町８９２−１,,
GMAPM_A20287,日本、〒761-8041 香川県高松市檀紙町１３３１−１４,,
GMAPM_A20288,日本、〒761-8044 香川県高松市円座町１４２２,,
GMAPM_A60129,日本、〒761-8051 香川県高松市西春日町１５９３−２,,
GMAPM_A60130,日本、〒761-8041 香川県高松市檀紙町１３３１−１４,,
GMAPM_A60131,日本、〒761-8045 香川県高松市西山崎町８９２−１,,
GMAPM_A40183,日本、〒761-8085 香川県高松市寺井町１１０６−３,,
GMAPM_A40184,日本、〒761-8085 香川県高松市寺井町１１０６−３,,
GMAPM_A40185,日本、〒761-8045 香川県高松市西山崎町８９２−１,,
GMAPM_A40186,日本、〒761-8051 香川県高松市西春日町１５９３−２,,
GMAPM_A30145,甲-４５-11 仏生山町 高松市 香川県 761-8078 日本,,
GMAPM_A30146,日本、〒761-8082 香川県高松市鹿角町２５９−４,,
GMAPM_A30147,日本、〒761-8041 香川県高松市檀紙町１６２９−２,,
GMAPM_A30148,日本、〒761-8081 香川県高松市成合町８１２−１,,
GMAPM_G10039,日本、〒761-0445 香川県高松市西植田町４５６０−１,,
GMAPM_G20012,日本、〒761-1704 香川県高松市香川町川内原２２００,,
GMAPM_F50005,日本、〒761-1402 香川県高松市香南町由佐５７−６,,
GMAPM_A30149,日本、〒761-1406 香川県高松市香南町西庄２０７８−１,,
GMAPM_A70186,日本、〒761-8011 香川県高松市香西北町３７２−１,,
GMAPM_A20289,日本、〒761-8012 香川県高松市香西本町７１１−１,,
GMAPM_A20290,日本、〒761-8012 香川県高松市香西本町１５５−５,,
GMAPM_D20020,日本、〒760-0003 香川県高松市西町１−２０,,
GMAPM_A60132,日本、〒761-8012 香川県高松市香西本町１−１ 駐車場,,
GMAPM_A40187,日本、〒761-8012 香川県高松市香西本町７１１−１,,
GMAPM_A40188,日本、〒761-8012 香川県高松市香西本町１−１ イオンモール高松店 1F ペテモ内,,
GMAPM_A40189,日本、〒761-8012 香川県高松市香西本町１５５−５,,
GMAPM_A30150,日本、〒761-8012 香川県高松市香西本町１−１ イオンモール高松店 1F ペテモ内,,
GMAPM_A10234,日本、〒790-0911 愛媛県松山市桑原１丁目８−３,,
GMAPM_C10021,日本、〒790-0056 愛媛県松山市土居田町６３０−１ 八束ビル,,
GMAPM_A10235,日本、〒790-0842 愛媛県松山市道後湯之町３−１６,,
GMAPM_D70082,日本、〒790-0036 愛媛県松山市小栗２丁目４−１７,,
GMAPM_A70187,日本、〒790-0823 愛媛県松山市清水町３丁目４３−５,,
GMAPM_D70083,日本、〒790-0011 愛媛県松山市千舟町７丁目３−６ ヴィラ・アンソレイエ千舟町,,
GMAPM_A70188,日本、〒790-0863 愛媛県松山市此花町４−２２,,
GMAPM_A70189,日本、〒790-0903 愛媛県松山市東野１丁目５−２１,,
GMAPM_D20021,日本、〒790-0833 愛媛県松山市祝谷２丁目１０−２０,,
GMAPM_A20291,日本、〒790-0964 愛媛県松山市中村３丁目２−７ 2F,,
GMAPM_A20292,日本、〒790-0024 愛媛県松山市春日町１１−７ 2F,,
GMAPM_A20293,日本、〒790-0911 愛媛県松山市桑原６丁目７−３,,
GMAPM_A20294,日本、〒791-8012 愛媛県松山市姫原２丁目４−２８ パルティフジ 内 2階,,
GMAPM_D60013,日本、〒790-0013 愛媛県松山市河原町,,
GMAPM_A60133,日本、〒790-0026 愛媛県松山市室町１丁目１,,
GMAPM_A60134,日本、〒790-0963 愛媛県松山市小坂２丁目７−１３,,
GMAPM_G40013,日本、〒790-0854 愛媛県松山市岩崎町２丁目１２−２３ 竹村ビル 2階,,
GMAPM_D40026,日本、〒790-0833 愛媛県松山市祝谷２丁目１０−２０,,
GMAPM_A40190,日本、〒790-0003 愛媛県松山市三番町１丁目２−３,,
GMAPM_A40191,日本、〒790-0056 愛媛県松山市土居田町３３３−５,,
GMAPM_A40192,日本、〒790-0911 愛媛県松山市桑原６丁目９−１２,,
GMAPM_A50090,日本、〒790-0056 愛媛県松山市土居田町３３３−５,,
GMAPM_A50091,日本、〒790-0033 愛媛県松山市北藤原町５−５,,
GMAPM_A50092,日本、〒790-0911 愛媛県松山市桑原６丁目９−１２,,
GMAPM_A30151,日本、〒790-0033 愛媛県松山市北藤原町５−５,,
GMAPM_A30152,"House Art II, ３丁目-43-8 清水町 松山市 愛媛県 790-0823 日本",,
GMAPM_A30153,日本、〒790-0852 愛媛県松山市石手４丁目３−２６,,
GMAPM_A10236,日本、〒791-1133 愛媛県松山市浄瑠璃町９１１,,
GMAPM_A10237,日本、〒791-1115 愛媛県松山市土居町７４１,,
GMAPM_A10238,日本、〒791-1113 愛媛県松山市森松町９５３−１,,
GMAPM_E10036,日本、〒791-1112 愛媛県松山市南高井町１２２４−２,,
GMAPM_D70084,日本、〒791-0244 愛媛県松山市水泥町１３３−２,,
GMAPM_D70085,日本、〒791-1113 愛媛県松山市森松町５１１−５,,
GMAPM_A70190,日本、〒791-2113 愛媛県伊予郡砥部町拾町２０,,
GMAPM_A70191,日本、〒791-1112 愛媛県松山市南高井町１７１１−１２,,
GMAPM_B70014,日本、〒791-0215 愛媛県東温市北野田８３３−４,,
GMAPM_A20295,日本、〒791-1113 愛媛県松山市森松町９５３−１,,
GMAPM_A20296,日本、〒791-0216 愛媛県東温市野田２丁目８−１,,
GMAPM_A20297,日本、〒791-0245 愛媛県松山市南梅本町７８１,,
GMAPM_A20298,日本、〒791-1115 愛媛県松山市土居町７４１,,
GMAPM_A20299,日本、〒791-1114 愛媛県松山市井門町１９９−２,,
GMAPM_E20011,日本、〒791-1112 愛媛県松山市南高井町１２２４−２,,
GMAPM_A60135,日本、〒791-1115 愛媛県松山市土居町７４１,,
GMAPM_A60136,日本、〒791-1114 愛媛県松山市井門町１９９−２,,
GMAPM_A60137,日本、〒791-1113 愛媛県松山市森松町９５３−１,,
GMAPM_G60015,日本、〒791-1112 愛媛県松山市南高井町,,
GMAPM_A40193,日本、〒791-1114 愛媛県松山市井門町１９９−２,,
GMAPM_A40194,日本、〒791-1115 愛媛県松山市土居町７４１,,
GMAPM_A40195,日本、〒791-1113 愛媛県松山市森松町９５３−１,,
GMAPM_A50093,日本、〒791-1114 愛媛県松山市井門町１９９−２,,
GMAPM_A50094,日本、〒791-1115 愛媛県松山市土居町７４１,,
GMAPM_E30008,日本、〒791-1112 愛媛県松山市南高井町１２２４−２,,
GMAPM_A30154,日本、〒791-1113 愛媛県松山市森松町９５３−１,,
GMAPM_A30155,日本、〒791-1115 愛媛県松山市土居町７４１,,
GMAPM_A30156,日本、〒791-1114 愛媛県松山市井門町１９９−２,,
GMAPM_G10040,日本、〒791-2122 愛媛県伊予郡砥部町千足359番地,,
GMAPM_B60009,日本、〒791-1132 愛媛県松山市久谷町 PRM9+F9,,
GMAPM_G10041,日本、〒791-0112 愛媛県松山市下伊台町１０４４−１,,
GMAPM_G60016,日本、〒791-0112 愛媛県松山市下伊台町１０４４−１,,
GMAPM_A10239,日本、〒780-8014 高知県高知市塩屋崎町２丁目１１−４９ 千頭マンション,,
GMAPM_A10240,日本、〒780-0056 高知県高知市北本町３丁目１１−３５,,
GMAPM_A10241,日本、〒780-0870 高知県高知市本町１丁目２−１ 3F,,
GMAPM_G10042,日本、〒780-0841 高知県高知市帯屋町２丁目３−１,,
GMAPM_D70086,日本、〒780-0821 高知県高知市桜井町１丁目８−３５,,
GMAPM_A70192,日本、〒780-8040 高知県高知市神田１４０８−５,,
GMAPM_G70009,日本、〒780-8052 高知県高知市鴨部２丁目２２−８,,
GMAPM_G70010,日本、〒780-0914 高知県高知市宝町２８−３,,
GMAPM_A70193,日本、〒780-0967 高知県高知市福井東町３１,,
GMAPM_D70087,日本、〒780-0972 高知県高知市中万々１４６−１６,,
GMAPM_A20300,日本、〒780-8052 高知県高知市鴨部１丁目１４−１ NANDEN柊館 101号,,
GMAPM_A20301,日本、〒780-0912 高知県高知市八反町１丁目８−１７ コーポパティオ 1階東,,
GMAPM_A20302,日本、〒780-0985 高知県高知市南久万２０４−１２,,
GMAPM_A20303,日本、〒780-0965 高知県高知市福井町１６６１−３,,
GMAPM_A20304,日本、〒780-0066 高知県高知市比島町１丁目１４−３,,
GMAPM_A20305,日本、〒780-0870 高知県高知市本町３丁目２−４８ 鍋島ビル２F,,
GMAPM_A60138,日本、〒780-8040 高知県高知市神田１４０８−１３,,
GMAPM_A60139,日本、〒780-0071 高知県高知市高そね１２−１,,
GMAPM_A60140,日本、〒780-0066 高知県高知市比島町４丁目８,,
GMAPM_A40196,日本、〒780-0985 高知県高知市南久万２０４−１２,,
GMAPM_A40197,日本、〒780-0066 高知県高知市比島町１丁目１４−３,,
GMAPM_B40009,日本、〒780-0870 高知県高知市本町５丁目３−１０,,
GMAPM_A40198,日本、〒781-0812 高知県高知市若松町６−６ 藤本商事ビル 105号,,
GMAPM_A40199,日本、〒781-8010 高知県高知市桟橋通１丁目２−１９,,
GMAPM_E40013,日本、〒781-8010 高知県高知市桟橋通３丁目１４−１３,,
GMAPM_A50095,日本、〒781-8010 高知県高知市桟橋通１丁目２−１９,,
GMAPM_A30157,日本、〒780-0066 高知県高知市比島町１丁目１４−３,,
GMAPM_A30158,日本、〒780-0985 高知県高知市南久万２０４−１２,,
GMAPM_D30029,日本、〒780-0822 高知県高知市はりまや町１丁目１０−１８,,
GMAPM_D30030,日本、〒780-0935 高知県高知市旭町２丁目２２−５６,,
GMAPM_A10242,日本、〒781-0262 高知県高知市浦戸６,,
GMAPM_A10243,日本、〒781-0252 高知県高知市瀬戸東町２丁目１４５,,
GMAPM_A10244,日本、〒781-0112 高知県高知市仁井田字新港４７１２−５,,
GMAPM_A70194,日本、〒781-0253 高知県高知市瀬戸南町２丁目１−１４,,
GMAPM_A70195,日本、〒781-0252 高知県高知市瀬戸東町２丁目１４５,,
GMAPM_A20306,日本、〒781-0252 高知県高知市瀬戸東町２丁目１４５,,
GMAPM_A20307,日本、〒781-0250 高知県高知市瀬戸１丁目６−３０,,
GMAPM_A20308,日本、〒781-0270 高知県高知市長浜１２８９−１ フローラ A101,,
GMAPM_D60014,日本、〒781-0112 高知県高知市仁井田４１５１,,
GMAPM_A60141,日本、〒781-0252 高知県高知市瀬戸東町２丁目１４５,,
GMAPM_A60142,日本、〒781-0250 高知県高知市瀬戸１丁目６−３０,,
GMAPM_A40200,日本、〒781-0250 高知県高知市瀬戸１丁目６−３０,,
GMAPM_D50008,日本、〒781-0112 高知県高知市仁井田４１５１,,
GMAPM_A30159,日本、〒781-0112 高知県高知市仁井田１６４８−１６,,
GMAPM_A30160,日本、〒781-0252 高知県高知市瀬戸東町２丁目１４５,,
GMAPM_A10245,日本、〒810-0001 福岡県福岡市中央区天神３丁目１６−１５ サンヨービル 1-2階,,
GMAPM_A10246,日本、〒810-0021 福岡県福岡市中央区今泉２丁目５−２３ 南天神Yビル 2階,,
GMAPM_A10247,日本、〒812-0017 福岡県福岡市博多区美野島３丁目１４−１９ しず花 ２F,,
GMAPM_A10248,日本、〒812-0017 福岡県福岡市博多区美野島３丁目１４−１９ しず花 １F,,
GMAPM_E10037,日本、〒810-0003 福岡県福岡市中央区春吉３丁目３−９,,
GMAPM_A10249,日本、〒812-0013 福岡県福岡市博多区博多駅東２丁目９−６ ３階,,
GMAPM_A70196,日本、〒812-0055 福岡県福岡市東区東浜１丁目３−１,,
GMAPM_C70016,日本、〒812-0035 福岡県福岡市博多区中呉服町１−２６ 博多インテリジェントビル １階,,
GMAPM_D70088,日本、〒812-0018 福岡県福岡市博多区住吉２丁目４−７ レジデンス博多,,
GMAPM_D70089,日本、〒810-0074 福岡県福岡市中央区大手門２丁目９−２９ エクセラン大手門 101,,
GMAPM_D70090,日本、〒810-0022 福岡県福岡市中央区薬院４丁目７−１１,,
GMAPM_A20309,日本、〒812-0016 福岡県福岡市博多区博多駅南５丁目１１−１９,,
GMAPM_A20310,日本、〒812-0054 福岡県福岡市東区馬出２丁目１８−１,,
GMAPM_A20311,日本、〒812-0018 福岡県福岡市博多区住吉２丁目１３−６,,
GMAPM_A20312,日本、〒810-0001 福岡県福岡市中央区天神２丁目６−２４ アルボーレ天神 ２F,,
GMAPM_G20013,日本、〒812-0063 福岡県福岡市東区原田１丁目９−１０,,
GMAPM_A20313,日本、〒812-0017 福岡県福岡市博多区美野島３丁目１４−１９ しず花 ３F,,
GMAPM_A60143,日本、〒812-0017 福岡県福岡市博多区美野島３丁目１４−１９ しず花 １F,,
GMAPM_A60144,日本、〒812-0017 福岡県福岡市博多区美野島３丁目１４−１９ しず花 ２F,,
GMAPM_D60015,日本、〒812-0017 福岡県福岡市博多区美野島３丁目１４−１９ しず花 １F,,
GMAPM_A60145,日本、〒810-0001 福岡県福岡市中央区天神４丁目３−８ 8F,,
GMAPM_A40201,日本、〒812-0018 福岡県福岡市博多区住吉２丁目１３−６,,
GMAPM_A40202,日本、〒810-0001 福岡県福岡市中央区天神２丁目６−２４ アルボーレ天神 ２F,,
GMAPM_D40027,日本、〒810-0002 福岡県福岡市中央区西中洲３−１ デルタ ウエスト 1階,,
GMAPM_A40203,日本、〒812-0016 福岡県福岡市博多区博多駅南５丁目１１−１９,,
GMAPM_A40204,日本、〒810-0042 福岡県福岡市中央区赤坂２丁目３−１,,
GMAPM_A50096,日本、〒812-0018 福岡県福岡市博多区住吉４丁目５−１１ シャトレイズミ 102,,
GMAPM_A50097,日本、〒812-0061 福岡県福岡市東区筥松２丁目３１−１,,
GMAPM_A30161,日本、〒810-0042 福岡県福岡市中央区赤坂２丁目３−１,,
GMAPM_A30162,日本、〒812-0018 福岡県福岡市博多区住吉２丁目１３−６,,
GMAPM_A30163,日本、〒810-0001 福岡県福岡市中央区天神２丁目６−２４ アルボーレ天神 ２F,,
GMAPM_H10008,日本、〒815-0031 福岡県福岡市南区清水３丁目２０−１,,
GMAPM_E10038,日本、〒815-0082 福岡県福岡市南区大楠３丁目１９−３２,,
GMAPM_A10250,日本、〒815-0082 福岡県福岡市南区大楠３丁目７−１６ 103,,
GMAPM_B70015,日本、〒812-0858 福岡県福岡市博多区月隈５丁目２−４０,,
GMAPM_A70197,日本、〒811-1312 福岡県福岡市南区横手南町２０−１,,
GMAPM_D70091,日本、〒815-0031 福岡県福岡市南区清水２丁目９−２８ 正徳ビル １Ｆ,,
GMAPM_A70198,日本、〒815-0083 福岡県福岡市南区高宮２丁目１−３３ ロマネスク高宮 １０２,,
GMAPM_A70199,日本、〒812-0894 福岡県福岡市博多区諸岡４丁目３−１,,
GMAPM_A70200,日本、〒811-1314 福岡県福岡市南区的場２丁目１２−８,,
GMAPM_A20314,日本、〒815-0035 福岡県福岡市南区向野２丁目１２−３０ 2F（202,,
GMAPM_A20315,"日本、〒811-1311 福岡県福岡市南区横手２丁目１７−８ Crystal & Resort, グランデ１F",,
GMAPM_A20316,日本、〒815-0041 福岡県福岡市南区野間３丁目４−１２ むかいビル 202,,
GMAPM_A20317,日本、〒815-0082 福岡県福岡市南区大楠１丁目２８−２３,,
GMAPM_A20318,日本、〒811-1324 福岡県福岡市南区警弥郷１丁目１７−９,,
GMAPM_A20319,"オークヒルズビル, 2階, ４丁目-１-31 塩原 南区 福岡市 福岡県 815-0032 日本",,
GMAPM_A60146,日本、〒811-1323 福岡県福岡市南区弥永４丁目１８,,
GMAPM_A60147,日本、〒815-0035 福岡県福岡市南区向野２丁目１２−３０ 2F（202,,
GMAPM_A60148,日本、〒811-1321 福岡県福岡市南区柳瀬２丁目８−５,,
GMAPM_A40205,"オークヒルズビル, 2階, ４丁目-１-31 塩原 南区 福岡市 福岡県 815-0032 日本",,
GMAPM_A40206,日本、〒816-0872 福岡県春日市桜ヶ丘２丁目,,
GMAPM_A40207,日本、〒815-0035 福岡県福岡市南区向野２丁目１２−３０ 2F（202,,
GMAPM_D50009,日本、〒811-1351 福岡県福岡市南区屋形原２丁目４４−２３,,
GMAPM_A50098,日本、〒815-0037 福岡県福岡市南区玉川町１−２５ 幸田ビル,,
GMAPM_A50099,日本、〒811-1347 福岡県福岡市南区野多目５丁目５−２６,,
GMAPM_D30031,日本、〒816-0824 福岡県春日市小倉６丁目１７,,
GMAPM_A30164,日本、〒816-0824 福岡県春日市小倉２丁目１１１,,
GMAPM_D30032,日本、〒816-0863 福岡県春日市須玖南１丁目１４５,,
GMAPM_A10251,日本、〒816-0813 福岡県春日市惣利１丁目52−１−１,,
GMAPM_E10039,日本、〒816-0846 福岡県春日市下白水南５丁目１９ 松尾ビル 102,,
GMAPM_G10043,日本、〒816-0849 福岡県春日市星見ヶ丘６丁目２ 番地 豊州 １階 ビル,,
GMAPM_A10252,日本、〒816-0982 福岡県大野城市畑ケ坂１丁目２−１,,
GMAPM_A70201,日本、〒818-0135 福岡県太宰府市向佐野３丁目３−番26号,,
GMAPM_A70202,日本、〒816-0851 福岡県春日市昇町６丁目３１,,
GMAPM_A70203,日本、〒816-0961 福岡県大野城市緑ケ丘４丁目１７−５,,
GMAPM_A70204,日本、〒816-0952 福岡県大野城市下大利２丁目１８−８,,
GMAPM_A70205,日本、〒819-0845 福岡県春日市白水ヶ丘３丁目9−番,,
GMAPM_D70092,日本、〒811-1216 福岡県那珂川市観晴が丘１５−１８,,
GMAPM_A20320,日本、〒816-0964 福岡県大野城市南ケ丘２丁目２７−１４,,
GMAPM_G20014,日本、〒816-0849 福岡県春日市星見ヶ丘６丁目２ 番地 豊州 １階 ビル,,
GMAPM_A20321,日本、〒816-0955 福岡県大野城市上大利２丁目２１−１２ １F,,
GMAPM_A20322,日本、〒816-0982 福岡県大野城市畑ケ坂１丁目２−１,,
GMAPM_A20323,日本、〒816-0855 福岡県春日市天神山４丁目１,,
GMAPM_A60149,日本、〒816-0955 福岡県大野城市上大利５丁目７−１,,
GMAPM_A60150,日本、〒816-0813 福岡県春日市惣利１丁目52−１−１,,
GMAPM_A60151,日本、〒816-0956 福岡県大野城市南大利１丁目８−２５,,
GMAPM_A60152,日本、〒818-0134 福岡県太宰府市大佐野 字野口807-128,,
GMAPM_A40208,日本、〒816-0982 福岡県大野城市畑ケ坂１丁目２−１,,
GMAPM_A40209,日本、〒816-0961 福岡県大野城市緑ケ丘４丁目１７−５,,
GMAPM_A30165,日本、〒816-0832 福岡県春日市紅葉ヶ丘西１丁目３０ 紅葉ヶ丘コーポ,,
GMAPM_A30166,日本、〒816-0982 福岡県大野城市畑ケ坂１丁目２−１,,
GMAPM_E10040,日本、〒839-1211 福岡県久留米市田主丸町森部１２０３−７,,
GMAPM_E10041,日本、〒839-1343 福岡県うきは市吉井町鷹取１５５７−３,,
GMAPM_A10253,日本、〒839-1321 福岡県うきは市吉井町１１４６−１,,
GMAPM_C10022,日本、〒839-1333 福岡県うきは市吉井町富永４０４−１,,
GMAPM_A10254,日本、〒839-1321 福岡県うきは市吉井町５３９−２,,
